Endpoint,auc,aupr,best_f1,best_f1_threshold,precision_at_best_f1_threshold,recall_at_best_f1_threshold,precision_at_1000_per_million,recall_at_1000_per_million,rr_at_1000_per_million,threshold_at_1000_per_million,cm_tp,cm_fp,cm_tn,cm_fn
3,0.5764910895282063,0.0028326685269527887,0.023696682464454975,0.07116371393203735,0.015432098765432098,0.05102040816326531,0.0,0.0,0.0,0.11459453403949738,10,638,106056,186
6,0.5895341777112292,0.004916889405029034,0.01899335232668566,0.07116371393203735,0.015432098765432098,0.024691358024691357,0.0,0.0,0.0,0.11459453403949738,10,638,105847,395
12,0.6010403257875493,0.008862272242320491,0.021164381231072848,0.07876425981521606,0.0108521180822109,0.42544459644322846,0.0,0.0,0.0,0.12415904551744461,311,28347,77812,420
36,0.6279711258460642,0.027726922625133647,0.05496894409937888,0.2937438189983368,0.029039402805501626,0.513291445142581,0.0,0.0,0.0,0.4097003936767578,1062,35509,69312,1007
60,0.6226618012573713,0.04704737190347122,0.0859892292751832,0.4994544982910156,0.05079795556482737,0.27988505747126435,0.0,0.0,0.0,0.6529526114463806,974,18200,84395,2506
