Endpoint,auc,aupr,best_f1,best_f1_threshold,precision_at_best_f1_threshold,recall_at_best_f1_threshold,precision_at_1000_per_million,recall_at_1000_per_million,rr_at_1000_per_million,threshold_at_1000_per_million,cm_tp,cm_fp,cm_tn,cm_fn
3,0.5912279322735969,0.002543765281037984,0.007621769679647493,0.04276537522673607,0.003913894324853229,0.14479638009049775,0.0,0.0,0.0,0.10115062445402145,32,8144,98525,189
6,0.6076315165713118,0.005212692772257739,0.01511452156725962,0.04276537522673607,0.007950097847358121,0.15294117647058825,0.0,0.0,0.0,0.10115062445402145,65,8111,98354,360
12,0.6083492455771506,0.00999635859500437,0.021530285480684065,0.2306656688451767,0.01104856473549876,0.4196547144754316,0.056074766355140186,0.00796812749003984,7.959935957106154,0.38520076870918274,316,28285,77852,437
36,0.588246713506715,0.024086910383525534,0.04917498206482749,0.2306656688451767,0.026362714590398937,0.36513317191283295,0.056074766355140186,0.0029055690072639223,2.902581973705053,0.38520076870918274,754,27847,76978,1311
60,0.5966590986130138,0.042079742340441664,0.0795707084394818,0.15845507383346558,0.04245474000809763,0.6327586206896552,0.07547169811320754,0.0022988505747126436,2.3000433745391455,0.38520076870918274,2202,49665,52910,1278
