Endpoint,auc,aupr,best_f1,best_f1_threshold,precision_at_best_f1_threshold,recall_at_best_f1_threshold,precision_at_1000_per_million,recall_at_1000_per_million,rr_at_1000_per_million,threshold_at_1000_per_million,cm_tp,cm_fp,cm_tn,cm_fn
3,0.624360353228848,0.013538401729358718,0.03676470588235294,0.04946897551417351,0.07246376811594203,0.024630541871921183,0.04672897196261682,0.024630541871921183,24.605220754108924,0.047778625041246414,5,64,106623,198
6,0.5730920189124369,0.0044644107700612425,0.013902681231380337,0.08398771286010742,0.011647254575707155,0.017241379310344827,0.0,0.0,0.0,0.10018356889486313,7,594,105890,399
12,0.5926270750000227,0.00879974652216597,0.01999590727044172,0.04610615596175194,0.010221465076660987,0.4572192513368984,0.0,0.0,0.0,0.10024397075176239,342,33117,73025,406
36,0.6282900077344588,0.029377224563049507,0.06266962743646683,0.27683183550834656,0.03491504921097487,0.3055822906641001,0.0,0.0,0.0,0.44777944684028625,635,17552,87260,1443
60,0.6158753696149819,0.050748651697877976,0.10377971165086376,0.36895206570625305,0.06704144990770264,0.2295977011494253,0.0660377358490566,0.002011494252873563,2.0128605508566473,0.5916053056716919,799,11119,91473,2681
