Endpoint,auc,aupr,best_f1,best_f1_threshold,precision_at_best_f1_threshold,recall_at_best_f1_threshold,precision_at_1000_per_million,recall_at_1000_per_million,rr_at_1000_per_million,threshold_at_1000_per_million,cm_tp,cm_fp,cm_tn,cm_fn
3,0.6322798843445339,0.0031339787156579434,0.011762543650064326,0.11835411190986633,0.006118546845124283,0.15165876777251186,0.0,0.0,0.0,0.21445982158184052,32,5198,101481,179
6,0.6060619468037051,0.005447548874891843,0.019517205957883924,0.14726635813713074,0.012442698100851343,0.04523809523809524,0.0,0.0,0.0,0.21445982158184052,19,1508,104962,401
12,0.6248190009172305,0.010164318164344988,0.029125100332530674,0.10900988429784775,0.015908806213203057,0.17208672086720866,0.0,0.0,0.0,0.21445982158184052,127,7856,98296,611
36,0.6081561102647255,0.02504050360085975,0.05166818122809295,0.08583616465330124,0.028386667300651418,0.28729547641963427,0.0,0.0,0.0,0.21445982158184052,597,20434,84378,1481
60,0.6286212804702586,0.04558737106795528,0.08737439930100481,0.4046297073364258,0.049472923088632645,0.3735632183908046,0.0,0.0,0.0,0.8626555800437927,1300,24977,77599,2180
