Endpoint,auc,aupr,best_f1,best_f1_threshold,precision_at_best_f1_threshold,recall_at_best_f1_threshold,precision_at_1000_per_million,recall_at_1000_per_million,rr_at_1000_per_million,threshold_at_1000_per_million,cm_tp,cm_fp,cm_tn,cm_fn
3,0.6956472135748925,0.003532150774413481,0.011627906976744186,0.0368114672601223,0.005978865406006674,0.2107843137254902,0.0,0.0,0.0,0.05391935631632805,43,7149,99537,161
6,0.6176943894156839,0.0055743771797728565,0.015352589123080925,0.036769963800907135,0.00812336500068842,0.13947990543735225,0.0,0.0,0.0,0.05391935631632805,59,7204,99263,364
12,0.6313358358022524,0.009817850287960393,0.02369427613986393,0.06071658432483673,0.012147294623954466,0.4794520547945205,0.0,0.0,0.0,0.11929889768362045,350,28463,77697,380
36,0.6244586231357364,0.029985326186688338,0.0629815244221707,0.2742713987827301,0.03718752760356859,0.20556640625,0.0,0.0,0.0,0.5175265669822693,421,10900,93942,1627
60,0.6049890883446754,0.046829704119982316,0.09498411702419703,0.2912481725215912,0.05499795631045915,0.3479885057471264,0.0,0.0,0.0,0.7361013889312744,1211,20808,81745,2269
