Endpoint,auc,aupr,best_f1,best_f1_threshold,precision_at_best_f1_threshold,recall_at_best_f1_threshold,precision_at_1000_per_million,recall_at_1000_per_million,rr_at_1000_per_million,threshold_at_1000_per_million,cm_tp,cm_fp,cm_tn,cm_fn
3,0.8362804831960157,0.04499684513689293,0.13523754007577965,0.09043671190738678,0.09243027888446215,0.251900108577633,0.015384615384615385,0.003257328990228013,3.263175478159192,0.12725625932216644,232,2278,192151,689
6,0.8138326227876332,0.07233729201600775,0.18161460082857467,0.07129543274641037,0.11652298850574713,0.41146626078132925,0.020512820512820513,0.0020294266869609334,2.03306924768112,0.12725625932216644,811,6149,187230,1160
12,0.8223238874796814,0.1282464271694613,0.27841812400635935,0.128642737865448,0.21408924205378974,0.39801136363636364,0.08205128205128205,0.004545454545454545,4.553613053613053,0.18292175233364105,1401,5143,186687,2119
36,0.8229139778053396,0.3297376807960216,0.42888086642599277,0.37774354219436646,0.4794486526760214,0.3879622186495177,0.5076923076923077,0.009947749196141479,9.965604130596091,0.6116408109664917,3861,4192,181206,6091
60,0.8271147257793445,0.4702674046032145,0.4820366404948846,0.6458286643028259,0.6433107535986452,0.3854153455928979,0.7823834196891192,0.009575142675967025,9.584271309399035,0.936854898929596,6078,3370,174044,9692
