Endpoint,auc,aupr,best_f1,best_f1_threshold,precision_at_best_f1_threshold,recall_at_best_f1_threshold,precision_at_1000_per_million,recall_at_1000_per_million,rr_at_1000_per_million,threshold_at_1000_per_million,cm_tp,cm_fp,cm_tn,cm_fn
3,0.6258233191891595,0.0033898543277642245,0.011132940406024886,0.1443583220243454,0.006017699115044248,0.07423580786026202,0.0,0.0,0.0,0.2091977745294571,17,2808,103853,212
6,0.5730235706761074,0.005326194525775496,0.015705958549222795,0.11691045761108398,0.008137583892617449,0.22453703703703703,0.0,0.0,0.0,0.2091977745294571,97,11823,94635,335
12,0.6030869828022041,0.00996319098399349,0.026337643848617868,0.11064861714839935,0.013782827342149376,0.2956058588548602,0.0,0.0,0.0,0.2091977745294571,222,15885,90254,529
36,0.5940906531255421,0.02670890522444082,0.05947538224154861,0.11636818200349808,0.03479117091983261,0.20473201352003864,0.07476635514018691,0.00386286817962337,3.85889700672843,0.2091977745294571,424,11763,93056,1647
60,0.6164182381461142,0.04855206613302459,0.09186375673454479,0.4035368263721466,0.054608620128107695,0.28908045977011493,0.04716981132075472,0.0014367816091954023,1.4379066363044892,0.7845607399940491,1006,17416,85187,2474
