Endpoint,auc,aupr,best_f1,best_f1_threshold,precision_at_best_f1_threshold,recall_at_best_f1_threshold,precision_at_1000_per_million,recall_at_1000_per_million,rr_at_1000_per_million,threshold_at_1000_per_million,cm_tp,cm_fp,cm_tn,cm_fn
3,0.622678507826413,0.002691958642267703,0.009029345372460498,0.16566786170005798,0.00823045267489712,0.01,0.0,0.0,0.0,0.16860094666481018,2,241,106449,198
6,0.588795608909325,0.005034668857087742,0.016781083142639208,0.16081200540065765,0.012195121951219513,0.02689486552567237,0.0,0.0,0.0,0.16860094666481018,11,891,105590,398
12,0.6180772628395713,0.010391905913350947,0.026878436163714114,0.16081200540065765,0.024390243902439025,0.029931972789115645,0.028037383177570093,0.004081632653061225,4.077436582109479,0.16860094666481018,22,880,105275,713
36,0.6139830590886072,0.02902558732877171,0.060238907849829354,0.14574378728866577,0.03661825726141079,0.16971153846153847,0.04672897196261682,0.002403846153846154,2.401374910136592,0.16860094666481018,353,9287,95523,1727
60,0.6053315151046594,0.047061883518414324,0.0859106529209622,0.13144312798976898,0.04879000780640125,0.35919540229885055,0.07547169811320754,0.0022988505747126436,2.300260247234873,0.1686585545539856,1250,24370,78215,2230
