Endpoint,auc,aupr,best_f1,best_f1_threshold,precision_at_best_f1_threshold,recall_at_best_f1_threshold,precision_at_1000_per_million,recall_at_1000_per_million,rr_at_1000_per_million,threshold_at_1000_per_million,cm_tp,cm_fp,cm_tn,cm_fn
3,0.5625465976828955,0.0029596387442182457,0.021536955457660305,0.12926115095615387,0.011956521739130435,0.10837438423645321,0.009345794392523364,0.0049261083743842365,4.921044150821785,0.46589726209640503,22,1818,104869,181
6,0.5316075234847619,0.004942097105159613,0.023868312757201648,0.12278880178928375,0.014471057884231538,0.06807511737089202,0.009345794392523364,0.002347417840375587,2.3450046070817425,0.46589726209640503,29,1975,104489,397
12,0.580639162636789,0.010067173219369204,0.03353772994618946,0.1205112636089325,0.018513401492124895,0.17795484727755645,0.0,0.0,0.0,0.8467257618904114,134,7104,99033,619
36,0.5946480960340483,0.026596386783845075,0.05720643456492513,0.3930830657482147,0.031626428827720536,0.29922405431619786,0.0,0.0,0.0,0.8922301530838013,617,18892,85936,1445
60,0.6125581696531823,0.04581988027925255,0.09359896263114464,0.3728477656841278,0.054212754335654784,0.3422413793103448,0.0,0.0,0.0,0.8922301530838013,1191,20778,81798,2289
