Endpoint,auc,aupr,best_f1,best_f1_threshold,precision_at_best_f1_threshold,recall_at_best_f1_threshold,precision_at_1000_per_million,recall_at_1000_per_million,rr_at_1000_per_million,threshold_at_1000_per_million,cm_tp,cm_fp,cm_tn,cm_fn
3,0.6543284975551444,0.004040600103743348,0.014436424208772903,0.13231153786182404,0.00826972010178117,0.056768558951965066,0.0,0.0,0.0,0.19313155114650726,13,1559,105102,216
6,0.5776874687322352,0.00606989861113533,0.020739910313901346,0.11811570823192596,0.011798469387755101,0.08564814814814815,0.0,0.0,0.0,0.19313155114650726,37,3099,103359,395
12,0.5977142640716507,0.010354080597465997,0.030181818181818185,0.1103525161743164,0.017477363655506423,0.11051930758988016,0.0,0.0,0.0,0.19313155114650726,83,4666,101473,668
36,0.5898408356998134,0.026587423017331066,0.062003861832224845,0.10245032608509064,0.03985657150737829,0.13954611298889424,0.0,0.0,0.0,0.19313155114650726,289,6962,97857,1782
60,0.6034340316952037,0.04567609086992033,0.0864089896347961,0.29566749930381775,0.04867401506056968,0.38448275862068965,0.02830188679245283,0.0008620689655172414,0.8627439817826935,0.828046977519989,1338,26151,76452,2142
