Endpoint,auc,aupr,best_f1,best_f1_threshold,precision_at_best_f1_threshold,recall_at_best_f1_threshold,precision_at_1000_per_million,recall_at_1000_per_million,rr_at_1000_per_million,threshold_at_1000_per_million,cm_tp,cm_fp,cm_tn,cm_fn
3,0.6841618375704825,0.003362659371403471,0.011014407238039044,0.03521982207894325,0.0055621771950735005,0.5572139303482587,0.0,0.0,0.0,0.05971033126115799,112,20024,86665,89
6,0.618671005426378,0.005343017862729168,0.01616437022250353,0.03521982207894325,0.00824394119984108,0.4119106699751861,0.0,0.0,0.0,0.05971033126115799,166,19970,86517,237
12,0.635493284884021,0.010860158180994773,0.03048863481693209,0.20394502580165863,0.016926099440834216,0.15342465753424658,0.018691588785046728,0.0027397260273972603,2.7369094866214314,0.3478112518787384,112,6505,99655,618
36,0.6283747176161957,0.029123697310355894,0.06626891114425741,0.20084480941295624,0.04230141458106638,0.1529006882989184,0.037383177570093455,0.0019665683382497543,1.9645466324814598,0.3478112518787384,311,7041,97815,1723
60,0.6113123659366992,0.048038048925714734,0.09754889824213914,0.3696310818195343,0.062164720732092144,0.2264367816091954,0.0,0.0,0.0,0.7872533798217773,788,11888,90713,2692
