Endpoint,auc,aupr,best_f1,best_f1_threshold,precision_at_best_f1_threshold,recall_at_best_f1_threshold,precision_at_1000_per_million,recall_at_1000_per_million,rr_at_1000_per_million,threshold_at_1000_per_million,cm_tp,cm_fp,cm_tn,cm_fn
3,0.6939610784222163,0.0033846060885890164,0.011488250652741514,0.039707303047180176,0.006402793946449359,0.05583756345177665,0.0,0.0,0.0,0.0528937503695488,11,1707,104986,186
6,0.6197540393461276,0.005703207555817396,0.016827517941103688,0.14202052354812622,0.009371554575523704,0.08232445520581114,0.009345794392523364,0.002421307506053269,2.4188183114208774,0.18031851947307587,34,3594,102883,379
12,0.646750744855163,0.010761618037476283,0.028077048645119163,0.14869511127471924,0.0184628595963933,0.05858310626702997,0.009345794392523364,0.0013623978201634877,1.3609972242736,0.18031851947307587,43,2286,103870,691
36,0.6211933680473101,0.02919713084333807,0.06152512998266898,0.1374143809080124,0.04359394187474417,0.10451422963689892,0.009345794392523364,0.0004906771344455348,0.49017270000825436,0.18031851947307587,213,4673,100179,1825
60,0.6241925920721801,0.05038262795205927,0.09793192988964111,0.4240547716617584,0.0722990551828016,0.15172413793103448,0.16981132075471697,0.005172413793103448,5.175390370852309,0.6300215721130371,528,6775,95806,2952
