Endpoint,auc,aupr,best_f1,best_f1_threshold,precision_at_best_f1_threshold,recall_at_best_f1_threshold,precision_at_1000_per_million,recall_at_1000_per_million,rr_at_1000_per_million,threshold_at_1000_per_million,cm_tp,cm_fp,cm_tn,cm_fn
3,0.5763653575780299,0.00214727172506461,0.005385111304941409,0.012365124188363552,0.0027131338606748443,0.355,0.0,0.0,0.0,0.14164209365844727,71,26098,80592,129
6,0.5440760130559468,0.004413132177179985,0.011305544632324025,0.021261850371956825,0.005768748432405317,0.28117359413202936,0.0,0.0,0.0,0.14164209365844727,115,19820,86661,294
12,0.5589188957105146,0.00791978790663818,0.01896468311562651,0.021261850371956825,0.00983195385001254,0.26666666666666666,0.0,0.0,0.0,0.14164209365844727,196,19739,86416,539
36,0.5894698786448739,0.0257094344474056,0.05694587455790841,0.2999872863292694,0.03139655427753369,0.3057692307692308,0.0,0.0,0.0,0.7324970960617065,636,19621,85189,1444
60,0.5842214026047364,0.04160060607366188,0.08681456676433655,0.29493874311447144,0.050808427241548264,0.29798850574712643,0.0,0.0,0.0,0.7325617671012878,1037,19373,83212,2443
