Endpoint,auc,aupr,best_f1,best_f1_threshold,precision_at_best_f1_threshold,recall_at_best_f1_threshold,precision_at_1000_per_million,recall_at_1000_per_million,rr_at_1000_per_million,threshold_at_1000_per_million,cm_tp,cm_fp,cm_tn,cm_fn
3,0.6806124805196692,0.0037600171713914115,0.011111111111111112,0.20813915133476257,0.014492753623188406,0.009009009009009009,0.0,0.0,0.0,0.22107122838497162,2,136,106532,220
6,0.606623350487416,0.005685996404332977,0.016654049962149888,0.20824842154979706,0.012571428571428572,0.02466367713004484,0.018691588785046728,0.004484304932735426,4.479694899627006,0.36121711134910583,11,864,105580,435
12,0.6316874588738208,0.010391204317078694,0.02552648372686662,0.0895269438624382,0.014128284826222097,0.13210039630118892,0.0,0.0,0.0,0.4383374750614166,100,6978,99155,657
36,0.6189221288323656,0.027021541055321785,0.056146647865658254,0.4391115605831146,0.03819323334495989,0.10595065312046444,0.0,0.0,0.0,0.681951105594635,219,5515,99308,1848
60,0.626415815294486,0.04876458385450608,0.08912792931233193,0.47853994369506836,0.05734058329214039,0.2,0.05660377358490566,0.0017241379310344827,1.724886141834743,0.731315016746521,696,11442,91124,2784
