Endpoint,auc,aupr,best_f1,best_f1_threshold,precision_at_best_f1_threshold,recall_at_best_f1_threshold,precision_at_1000_per_million,recall_at_1000_per_million,rr_at_1000_per_million,threshold_at_1000_per_million,cm_tp,cm_fp,cm_tn,cm_fn
3,0.5839781496085806,0.007179972654346575,0.00980392156862745,0.22016364336013794,1.0,0.0049261083743842365,0.009345794392523364,0.0049261083743842365,4.921044150821785,0.07581199705600739,1,0,106687,202
6,0.5868594732649829,0.011987476436830626,0.016506189821182942,0.15758801996707916,0.019169329073482427,0.014492753623188406,0.028037383177570093,0.007246376811594203,7.238927265339293,0.1767788976430893,6,307,106169,408
12,0.6004899051232345,0.01320443884954682,0.021024967148488834,0.13438624143600464,0.015779092702169626,0.031496062992125984,0.028037383177570093,0.003937007874015748,3.932960482743395,0.1767788976430893,24,1497,104631,738
36,0.6063068528988167,0.02692664218357973,0.052082482979313956,0.09833762049674988,0.02695076205603055,0.7716497339138848,0.07476635514018691,0.0038703434929850023,3.866364635188475,0.1767788976430893,1595,57587,47236,472
60,0.6044399888320668,0.04879098377060491,0.08359499245606167,0.2639046907424927,0.04498968529166484,0.5890804597701149,0.14150943396226415,0.004310344827586207,4.312459336369551,0.3402538001537323,2050,43516,59056,1430
