Endpoint,auc,aupr,best_f1,best_f1_threshold,precision_at_best_f1_threshold,recall_at_best_f1_threshold,precision_at_1000_per_million,recall_at_1000_per_million,rr_at_1000_per_million,threshold_at_1000_per_million,cm_tp,cm_fp,cm_tn,cm_fn
3,0.5852768300684226,0.0023445187050766154,0.007679385649148068,0.046023979783058167,0.00403327451474666,0.08,0.0,0.0,0.0,0.057631634175777435,16,3951,102739,184
6,0.6019535956172558,0.005606461889562083,0.015089458935115327,0.045820191502571106,0.008254716981132075,0.08771929824561403,0.028037383177570093,0.007518796992481203,7.51106738809641,0.057631634175777435,35,4205,102286,364
12,0.6109770112180334,0.010449679753899765,0.031475967673330496,0.046023979783058167,0.018653894630703303,0.10068027210884353,0.028037383177570093,0.004081632653061225,4.077436582109479,0.057631634175777435,74,3893,102262,661
36,0.6286594486336987,0.03031158904670288,0.06629460510739049,0.3055907189846039,0.05054151624548736,0.09631449631449632,0.102803738317757,0.005405405405405406,5.399848446577418,0.3734702169895172,196,3682,101173,1839
60,0.6330375210719381,0.052807913309459775,0.09435934730239535,0.3589244782924652,0.056044490038334865,0.2982758620689655,0.18867924528301888,0.005747126436781609,5.752060290609413,0.5426649451255798,1038,17483,85128,2442
