Endpoint,auc,aupr,best_f1,best_f1_threshold,precision_at_best_f1_threshold,recall_at_best_f1_threshold,precision_at_1000_per_million,recall_at_1000_per_million,rr_at_1000_per_million,threshold_at_1000_per_million,cm_tp,cm_fp,cm_tn,cm_fn
3,0.6749850103345773,0.0035854661579505643,0.017467248908296942,0.08032732456922531,0.05555555555555555,0.010362694300518135,0.018691588785046728,0.010362694300518135,10.35204106338676,0.07492917031049728,2,34,106663,191
6,0.6137742500945675,0.005707153925678661,0.0152837351476606,0.04299398884177208,0.007793252551661723,0.3934010152284264,0.028037383177570093,0.007614213197969543,7.606385502158546,0.07492917031049728,155,19734,86762,239
12,0.6363272272817834,0.010547870479773045,0.025152475060280836,0.042802661657333374,0.013016245840673322,0.37202797202797205,0.028037383177570093,0.004195804195804196,4.1914907522384155,0.07492917031049728,266,20170,86005,449
36,0.6279334639620717,0.030155149423804123,0.06443374914055594,0.33704277873039246,0.0403791702572941,0.15937803692905733,0.0,0.0,0.0,0.5941314697265625,328,7795,97037,1730
60,0.6106562423045062,0.04769826748082721,0.09584119831943007,0.30847907066345215,0.060805068376728735,0.22614942528735632,0.0,0.0,0.0,0.5944506525993347,787,12156,90438,2693
