Endpoint,auc,aupr,best_f1,best_f1_threshold,precision_at_best_f1_threshold,recall_at_best_f1_threshold,precision_at_1000_per_million,recall_at_1000_per_million,rr_at_1000_per_million,threshold_at_1000_per_million,cm_tp,cm_fp,cm_tn,cm_fn
3,0.6587444465273222,0.0031585256085128618,0.009873931058802786,0.035581883043050766,0.005025576595171857,0.28,0.0,0.0,0.0,0.24782533943653107,56,11087,95603,144
6,0.6374320782847522,0.00582555548321392,0.03023758099352052,0.21640338003635406,0.026565464895635674,0.03508771929824561,0.0,0.0,0.0,0.30695804953575134,14,513,105978,385
12,0.6653501538149996,0.01169923766259966,0.0309231468849477,0.21174614131450653,0.023224043715846996,0.04625850340136054,0.0,0.0,0.0,0.5161799192428589,34,1430,104725,701
36,0.6409254830322018,0.029589277006924382,0.05900558239088304,0.16727910935878754,0.03134796238244514,0.5012285012285013,0.09345794392523364,0.004914004914004914,4.908953133252198,0.7529765367507935,1020,31518,73337,1015
60,0.6291569813323548,0.0495793751603432,0.09456237612386177,0.3176043927669525,0.05253247374972074,0.4729885057471264,0.11320754716981132,0.0034482758620689655,3.4512361743656474,0.8485767245292664,1646,29687,72924,1834
