Endpoint,auc,aupr,best_f1,best_f1_threshold,precision_at_best_f1_threshold,recall_at_best_f1_threshold,precision_at_1000_per_million,recall_at_1000_per_million,rr_at_1000_per_million,threshold_at_1000_per_million,cm_tp,cm_fp,cm_tn,cm_fn
3,0.509646939708488,0.0019359563865872075,0.00504901646696995,0.022316129878163338,0.002531678104197188,0.8914027149321267,0.0,0.0,0.0,0.0680655837059021,197,77617,29052,24
6,0.5203597536887294,0.0038863222992568205,0.009168464404785252,0.029255980625748634,0.004632496841479426,0.44,0.0,0.0,0.0,0.0680655837059021,187,40180,66285,238
12,0.5932527118819007,0.01049295415404922,0.02403846153846154,0.3554718494415283,0.12658227848101267,0.013280212483399735,0.09345794392523364,0.013280212483399735,13.266559928510256,0.3526635468006134,10,69,106068,743
36,0.6050071045423914,0.025955120462696754,0.05066484244730429,0.17780421674251556,0.026502359492764967,0.5738498789346247,0.09345794392523364,0.004842615012106538,4.837636622841755,0.3526635468006134,1185,43528,61297,880
60,0.6109247859009808,0.04439741508588318,0.08364348332245602,0.16064836084842682,0.04455678123766749,0.6813218390804597,0.09433962264150944,0.0028735632183908046,2.8750542181739323,0.3526635468006134,2371,50842,51733,1109
