Endpoint,auc,aupr,best_f1,best_f1_threshold,precision_at_best_f1_threshold,recall_at_best_f1_threshold,precision_at_1000_per_million,recall_at_1000_per_million,rr_at_1000_per_million,threshold_at_1000_per_million,cm_tp,cm_fp,cm_tn,cm_fn
3,0.6251603861969554,0.003022456867735604,0.022909507445589918,0.14236630499362946,0.014771048744460856,0.05102040816326531,0.0,0.0,0.0,0.1656004935503006,10,667,106027,186
6,0.6291808354399904,0.006147857491204833,0.042704626334519574,0.1413298398256302,0.0326975476839237,0.06153846153846154,0.0,0.0,0.0,0.1656004935503006,24,710,105790,366
12,0.6145544433823668,0.0099432136353009,0.047287899860917935,0.1413298398256302,0.04632152588555858,0.048295454545454544,0.0,0.0,0.0,0.1656004935503006,34,700,105486,670
36,0.6239030811187125,0.029443341063664592,0.05787490580256218,0.11489054560661316,0.04189395592406721,0.0935672514619883,0.056074766355140186,0.0029239766081871343,2.9209706509263813,0.1656004935503006,192,4391,100447,1860
60,0.6197096316859897,0.04424967035792485,0.08408866397462782,0.14260715246200562,0.044742811825676396,0.6971264367816092,0.0,0.0,0.0,0.6864031553268433,2426,51795,50793,1054
