Endpoint,auc,aupr,best_f1,best_f1_threshold,precision_at_best_f1_threshold,recall_at_best_f1_threshold,precision_at_1000_per_million,recall_at_1000_per_million,rr_at_1000_per_million,threshold_at_1000_per_million,cm_tp,cm_fp,cm_tn,cm_fn
3,0.6327385273401895,0.0030070388926675875,0.011090573012939002,0.048324257135391235,0.005781460782424359,0.13574660633484162,0.0,0.0,0.0,0.24401797354221344,30,5159,101510,191
6,0.6059672694977131,0.005768658937278133,0.02821869488536155,0.31674855947494507,0.0547945205479452,0.019002375296912115,0.0,0.0,0.0,0.33508655428886414,8,138,106331,413
12,0.5827433464449159,0.008521305046841496,0.020290964777947933,0.09913109242916107,0.01182244033013607,0.07152496626180836,0.0,0.0,0.0,0.3758888840675354,53,4430,101719,688
36,0.6342171301911824,0.027661052048703054,0.05704480103886467,0.29901573061943054,0.03154978710306264,0.2972450459159014,0.0,0.0,0.0,0.7058708667755127,615,18878,85943,1454
60,0.6383101944455464,0.05023330576094917,0.09357602558534371,0.4282914102077484,0.054240856868219896,0.34051724137931033,0.03773584905660377,0.0011494252873563218,1.1500108436347862,0.8184500336647034,1185,20662,81912,2295
