Endpoint,auc,aupr,best_f1,best_f1_threshold,precision_at_best_f1_threshold,recall_at_best_f1_threshold,precision_at_1000_per_million,recall_at_1000_per_million,rr_at_1000_per_million,threshold_at_1000_per_million,cm_tp,cm_fp,cm_tn,cm_fn
3,0.6669748622278445,0.004086773439111958,0.020051986632008915,0.17723219096660614,0.01086082059533387,0.13043478260869565,0.028037383177570093,0.014492753623188406,14.477854530678586,0.2729909121990204,27,2459,104224,180
6,0.6372774132664243,0.0064560068679191725,0.02477632484514797,0.17723219096660614,0.014481094127111826,0.08571428571428572,0.028037383177570093,0.007142857142857143,7.135514018691589,0.2729909121990204,36,2450,104020,384
12,0.6327761632952635,0.011246448330181345,0.030807147258163897,0.17723219096660614,0.02011263073209976,0.06578947368421052,0.028037383177570093,0.003947368421052632,3.943310378750615,0.2729909121990204,50,2436,103694,710
36,0.6294366324110403,0.03004454539594141,0.061544435276416065,0.12770548462867737,0.034183425890979675,0.30836575875486383,0.028037383177570093,0.0014591439688715954,1.4576439143241573,0.2729909121990204,634,17913,86921,1422
60,0.6071569017784727,0.04732854877625686,0.09432155074116305,0.12770548462867737,0.05605855245323936,0.2971264367816092,0.04716981132075472,0.0014367816091954023,1.4377168726957277,0.2729909121990204,1034,17411,85178,2446
