Endpoint,auc,aupr,best_f1,best_f1_threshold,precision_at_best_f1_threshold,recall_at_best_f1_threshold,precision_at_1000_per_million,recall_at_1000_per_million,rr_at_1000_per_million,threshold_at_1000_per_million,cm_tp,cm_fp,cm_tn,cm_fn
3,0.49061500941951053,0.0016524353964750935,0.0046585494970884074,0.15185554325580597,0.0023773503349902745,0.11518324607329843,0.0,0.0,0.0,0.36755236983299255,22,9232,97467,169
6,0.5362674586929603,0.0040880377227785055,0.011848786909911604,0.13695402443408966,0.006154146722672658,0.15869017632241814,0.0,0.0,0.0,0.36755236983299255,63,10174,96319,334
12,0.5655753158221233,0.008115901201379162,0.022108532797368904,0.13695402443408966,0.011819869102276058,0.17066290550070523,0.0,0.0,0.0,0.36755236983299255,121,10116,96065,588
36,0.5786734000403198,0.02499712055583331,0.05425243338120313,0.13326352834701538,0.032452037797079315,0.1652892561983471,0.0,0.0,0.0,0.36755236983299255,340,10137,94696,1717
60,0.6155760275307206,0.04586336990240452,0.08794591326334304,0.030796807259321213,0.0486233513644928,0.45977011494252873,0.0,0.0,0.0,0.9264750480651855,1600,31306,71277,1880
