Endpoint,auc,aupr,best_f1,best_f1_threshold,precision_at_best_f1_threshold,recall_at_best_f1_threshold,precision_at_1000_per_million,recall_at_1000_per_million,rr_at_1000_per_million,threshold_at_1000_per_million,cm_tp,cm_fp,cm_tn,cm_fn
3,0.5820222255866446,0.0029545351404368612,0.013778849466069583,0.19450828433036804,0.007432181345224823,0.09433962264150944,0.0,0.0,0.0,0.2269652634859085,20,2671,104007,192
6,0.61266510303569,0.005498389591891113,0.016188047455371994,0.17784304916858673,0.008490346592230752,0.17339667458432304,0.0,0.0,0.0,0.2269652634859085,73,8525,97944,348
12,0.6225724657732594,0.010315229144003606,0.029339329692686586,0.17784304916858673,0.015933938125145382,0.18488529014844804,0.0,0.0,0.0,0.2269652634859085,137,8461,97688,604
36,0.6027622440600843,0.02495031867553636,0.052718001901304996,0.15831111371517181,0.028930519326535453,0.2965483714146816,0.0,0.0,0.0,0.2269652634859085,610,20475,84358,1447
60,0.6088370541546063,0.04364518831248566,0.08548058582005108,0.14826342463493347,0.04815853702961641,0.3798850574712644,0.0,0.0,0.0,0.2269652634859085,1322,26129,76467,2158
