Endpoint,auc,aupr,best_f1,best_f1_threshold,precision_at_best_f1_threshold,recall_at_best_f1_threshold,precision_at_1000_per_million,recall_at_1000_per_million,rr_at_1000_per_million,threshold_at_1000_per_million,cm_tp,cm_fp,cm_tn,cm_fn
3,0.5925904934101002,0.002509152218113691,0.007782101167315174,0.08707207441329956,0.003959032618986143,0.22660098522167488,0.0,0.0,0.0,0.11442591995000839,46,11573,95114,157
6,0.5926005438525713,0.005125300710602947,0.014687191074706962,0.09194468706846237,0.007799610019499025,0.12560386473429952,0.0,0.0,0.0,0.11442591995000839,52,6615,99861,362
12,0.6080446844656064,0.01000163200789041,0.027278238027884417,0.0892564132809639,0.014776707530647986,0.17716535433070865,0.0,0.0,0.0,0.11442591995000839,135,9001,97127,627
36,0.5974904220439956,0.026238481752699574,0.05690145702215708,0.0888705924153328,0.0346202266051196,0.15965166908563136,0.018691588785046728,0.0009675858732462506,0.9665911587971188,0.11442591995000839,330,9202,95621,1737
60,0.5885112604950108,0.04221968938746675,0.07968314704796428,0.28990012407302856,0.045110781742864745,0.34109195402298853,0.0,0.0,0.0,0.5459138751029968,1187,25126,77446,2293
