Endpoint,auc,aupr,best_f1,best_f1_threshold,precision_at_best_f1_threshold,recall_at_best_f1_threshold,precision_at_1000_per_million,recall_at_1000_per_million,rr_at_1000_per_million,threshold_at_1000_per_million,cm_tp,cm_fp,cm_tn,cm_fn
3,0.8250300201761664,0.05147638763582201,0.11934156378600824,0.08539026230573654,0.07587209302325582,0.27944325481798715,0.14871794871794872,0.031049250535331904,31.104979959369683,0.13484357297420502,261,3179,191237,673
6,0.8085323501556977,0.08850272785288471,0.1930629041740153,0.06608757376670837,0.12551597615043572,0.4180244399185336,0.27692307692307694,0.0274949083503055,27.54425818580605,0.13484357297420502,821,5720,187666,1143
12,0.8157292595510887,0.15319463062154254,0.2907816044545267,0.11928486824035645,0.22878468278435826,0.3988684582743989,0.40512820512820513,0.022347949080622348,22.38806078410039,0.1989782601594925,1410,4753,187062,2125
36,0.818753532659144,0.3427662783414044,0.42942017823742984,0.39701393246650696,0.4749330737405695,0.3918674698795181,0.6871794871794872,0.013453815261044177,13.477963134589642,0.6242749094963074,3903,4315,181075,6057
60,0.8245754889255846,0.4842810541946281,0.47885818958937565,0.622052788734436,0.6013034310906651,0.39784400760938493,0.9896373056994818,0.012111604311984782,12.122649091046487,0.9455531239509583,6274,4160,173246,9496
