Endpoint,auc,aupr,best_f1,best_f1_threshold,precision_at_best_f1_threshold,recall_at_best_f1_threshold,precision_at_1000_per_million,recall_at_1000_per_million,rr_at_1000_per_million,threshold_at_1000_per_million,cm_tp,cm_fp,cm_tn,cm_fn
3,0.6827443068843747,0.003718003554018345,0.012695600826690287,0.09078526496887207,0.0065528802194452914,0.2028301886792453,0.0,0.0,0.0,0.10846977680921555,43,6519,100159,169
6,0.6114536723847378,0.005372929244146067,0.014692787177203917,0.07997815310955048,0.007486728072961568,0.3919239904988123,0.0,0.0,0.0,0.10846977680921555,165,21874,84595,256
12,0.6049096525555651,0.009016254620676845,0.022246521624373138,0.07805753499269485,0.011445198836081475,0.39544235924932974,0.0,0.0,0.0,0.10846977680921555,295,25480,80664,451
36,0.5922155175861538,0.02508653651644049,0.05367904695164681,0.07769621163606644,0.028911115304774485,0.37457212713936433,0.0,0.0,0.0,0.10846977680921555,766,25729,79116,1279
60,0.5910267123519413,0.04155006751208362,0.08040760404178798,0.40146082639694214,0.043440044411547,0.5396551724137931,0.0,0.0,0.0,0.6780173182487488,1878,41354,61242,1602
