Endpoint,auc,aupr,best_f1,best_f1_threshold,precision_at_best_f1_threshold,recall_at_best_f1_threshold,precision_at_1000_per_million,recall_at_1000_per_million,rr_at_1000_per_million,threshold_at_1000_per_million,cm_tp,cm_fp,cm_tn,cm_fn
3,0.48996512102688305,0.0019007215698700877,0.009216589861751154,0.08181890845298767,0.07142857142857142,0.0049261083743842365,0.009345794392523364,0.0049261083743842365,4.921044150821785,0.05947832763195038,1,13,106674,202
6,0.5930857975660478,0.012054896469579138,0.016638935108153077,0.19103990495204926,0.026737967914438502,0.012077294685990338,0.028037383177570093,0.007246376811594203,7.238927265339293,0.21001505851745605,5,182,106294,409
12,0.6077612031803916,0.013740511685747029,0.025244444444444444,0.1285373568534851,0.014600041126876413,0.09317585301837271,0.028037383177570093,0.003937007874015748,3.932960482743395,0.21001505851745605,71,4792,101336,691
36,0.612995786511195,0.028095253542203914,0.050878073256397385,0.0982515960931778,0.02634998180967725,0.7358490566037735,0.056074766355140186,0.002902757619738752,2.8997734763913567,0.21001505851745605,1521,56202,48621,546
60,0.6362030332716105,0.05329917400900966,0.09454161640530759,0.3810921013355255,0.06408421913327882,0.18017241379310345,0.12264150943396226,0.003735632183908046,3.7374647581869445,0.7401430606842041,627,9157,93415,2853
