Endpoint,auc,aupr,best_f1,best_f1_threshold,precision_at_best_f1_threshold,recall_at_best_f1_threshold,precision_at_1000_per_million,recall_at_1000_per_million,rr_at_1000_per_million,threshold_at_1000_per_million,cm_tp,cm_fp,cm_tn,cm_fn
3,0.5351415740815904,0.0019220899330818463,0.005024027959807776,1.3351629604585469e-05,0.0025201139529787433,0.7815533980582524,0.0,0.0,0.0,0.3423711955547333,161,63725,42959,45
6,0.5325793290268084,0.004084221509468796,0.011438627364716234,0.19855667650699615,0.006985491671144546,0.03155339805825243,0.0,0.0,0.0,0.3423711955547333,13,1848,104630,399
12,0.5558815818823063,0.00833186276922336,0.025910364145658265,0.18973813951015472,0.01737089201877934,0.05096418732782369,0.0,0.0,0.0,0.3423711955547333,37,2093,104071,689
36,0.5857312187259345,0.024970778798333794,0.04898739192244052,0.0003705329727381468,0.02572764436611099,0.510689990281827,0.056074766355140186,0.0029154518950437317,2.9124547015067708,0.3423711955547333,1051,39800,65032,1007
60,0.5957109946367626,0.04325986554409298,0.08272555719895955,0.0038275353144854307,0.04539094419880226,0.46609195402298853,0.07547169811320754,0.0022988505747126436,2.299501192799826,0.9956446886062622,1622,34112,68438,1858
