Endpoint,auc,aupr,best_f1,best_f1_threshold,precision_at_best_f1_threshold,recall_at_best_f1_threshold,precision_at_1000_per_million,recall_at_1000_per_million,rr_at_1000_per_million,threshold_at_1000_per_million,cm_tp,cm_fp,cm_tn,cm_fn
3,0.877374510766279,0.04920950193640801,0.10756972111553785,0.07770685851573944,0.07207207207207207,0.21197252208047104,0.1691542288557214,0.033366045142296366,33.36438514005049,0.1936706304550171,216,2781,197190,803
6,0.8744808923188431,0.11109429983901672,0.1936726272352132,0.08249576389789581,0.13957176843774782,0.31626235399820307,0.3880597014925373,0.03504043126684636,35.038687961808215,0.19974295794963837,704,4340,194424,1522
12,0.8785491256149854,0.19122402248433426,0.28319582540018334,0.10880671441555023,0.19697861487149304,0.5036368196639077,0.48258706467661694,0.024329069475796338,24.327859074329883,0.2773727774620056,2008,8186,188817,1979
36,0.8915648248247889,0.4502925319421797,0.5150092977950943,0.4100978970527649,0.5092819614711033,0.5208669174279061,0.6218905472636815,0.011194698190936773,11.194141240778018,0.6186423897743225,5816,5604,184220,5350
60,0.9020434122505488,0.6480837138315512,0.6181818181818182,0.6550166010856628,0.6751222693185523,0.5700991189427312,0.8994974874371859,0.009856828193832599,9.85568896243331,0.970395028591156,10353,4982,175835,7807
