Endpoint,auc,aupr,best_f1,best_f1_threshold,precision_at_best_f1_threshold,recall_at_best_f1_threshold,precision_at_1000_per_million,recall_at_1000_per_million,rr_at_1000_per_million,threshold_at_1000_per_million,cm_tp,cm_fp,cm_tn,cm_fn
3,0.5660220388140365,0.0027355995102780516,0.020618556701030927,0.18582238256931305,0.0379746835443038,0.014150943396226415,0.028037383177570093,0.014150943396226415,14.136395697407863,0.18430157005786896,3,76,106602,209
6,0.5964529414057361,0.005803913903231233,0.03571428571428572,0.1740092635154724,0.032015065913371,0.040380047505938245,0.028037383177570093,0.007125890736342043,7.118565054276645,0.18430157005786896,17,514,105955,404
12,0.6055750015233978,0.010204256755882657,0.036047234307022995,0.170564204454422,0.03341013824884793,0.03913630229419703,0.028037383177570093,0.004048582995951417,4.044420901282682,0.18430157005786896,29,839,105310,712
36,0.6225858836500942,0.027973940864407014,0.05729494991945086,0.13157519698143005,0.030871419405970487,0.39766650461837627,0.028037383177570093,0.0014584346135148275,1.4569352882112139,0.18430157005786896,818,25679,79154,1239
60,0.6138848131808594,0.04553854887397628,0.08596238307573675,0.13157519698143005,0.048658291266557865,0.3683908045977011,0.12264150943396226,0.003735632183908046,3.7383105617002816,0.18451529741287231,1282,25065,77531,2198
