Endpoint,auc,aupr,best_f1,best_f1_threshold,precision_at_best_f1_threshold,recall_at_best_f1_threshold,precision_at_1000_per_million,recall_at_1000_per_million,rr_at_1000_per_million,threshold_at_1000_per_million,cm_tp,cm_fp,cm_tn,cm_fn
3,0.534045974318118,0.0018791649083120625,0.00466100871997048,0.02357388287782669,0.0023395917412411533,0.6,0.0,0.0,0.0,0.035642754286527634,120,51171,55519,80
6,0.5561153547469668,0.0046274481589969,0.014492753623188404,0.06057729572057724,0.010054844606946984,0.025943396226415096,0.0,0.0,0.0,0.06688759475946426,11,1083,105383,413
12,0.5593908753575564,0.007986886449666953,0.019043266301035956,0.050539735704660416,0.010101826410214967,0.16578249336870027,0.0,0.0,0.0,0.06698235869407654,125,12249,93887,629
36,0.5975159476461227,0.02565248317588989,0.05457543281121187,0.293751984834671,0.03283730158730159,0.16146341463414635,0.04672897196261682,0.0024390243902439024,2.43651698199225,0.37650734186172485,331,9749,95091,1719
60,0.6222509935290335,0.05053707586443973,0.09631887456037515,0.3698049485683441,0.05755113477164472,0.29511494252873566,0.12264150943396226,0.003735632183908046,3.7372533073086096,0.5517480373382568,1027,16818,85748,2453
