Endpoint,auc,aupr,best_f1,best_f1_threshold,precision_at_best_f1_threshold,recall_at_best_f1_threshold,precision_at_1000_per_million,recall_at_1000_per_million,rr_at_1000_per_million,threshold_at_1000_per_million,cm_tp,cm_fp,cm_tn,cm_fn
3,0.6179835399825484,0.0035412107687796345,0.016406890894175553,0.146389901638031,0.010101010101010102,0.043668122270742356,0.0,0.0,0.0,0.19866785407066345,10,980,105681,219
6,0.5627831276531938,0.0056989523173351115,0.020855372525313585,0.10956302285194397,0.011156022635408245,0.1597222222222222,0.0,0.0,0.0,0.19866785407066345,69,6116,100342,363
12,0.5996521482287585,0.01058311138310587,0.03006442376521117,0.10944955796003342,0.016843118383060636,0.13981358189081225,0.0,0.0,0.0,0.19866785407066345,105,6129,100010,646
36,0.586726833783406,0.02625036566673746,0.053928278127566384,0.09583177417516708,0.03141695239614066,0.190246257846451,0.04672897196261682,0.0024142926122646064,2.411810629205269,0.19866785407066345,394,12147,92672,1677
60,0.6125201759689535,0.046085146401786535,0.08653061224489797,0.33564814925193787,0.05003371544167229,0.31982758620689655,0.10377358490566038,0.003160919540229885,3.1633945998698763,0.8183696269989014,1113,21132,81471,2367
