Endpoint,auc,aupr,best_f1,best_f1_threshold,precision_at_best_f1_threshold,recall_at_best_f1_threshold,precision_at_1000_per_million,recall_at_1000_per_million,rr_at_1000_per_million,threshold_at_1000_per_million,cm_tp,cm_fp,cm_tn,cm_fn
3,0.6217773562838802,0.003861103929471461,0.021881838074398252,0.09205234795808792,0.020080321285140562,0.02403846153846154,0.018691588785046728,0.009615384615384616,9.605499640546368,0.10336130112409592,5,244,106438,203
6,0.5736356295614405,0.007651503957659348,0.022058823529411763,0.06649312376976013,0.012890625,0.0763888888888889,0.037383177570093455,0.009259259259259259,9.249740394600206,0.10336130112409592,33,2527,103931,399
12,0.5775909948263702,0.01079717763184817,0.026372443487621095,0.0648457258939743,0.016503873358033008,0.06559571619812583,0.037383177570093455,0.00535475234270415,5.349247457118192,0.10336130112409592,49,2920,103223,698
36,0.6335607191889658,0.030488507798489578,0.06519208381839348,0.32334887981414795,0.03998242530755712,0.17644207464857004,0.037383177570093455,0.0019389238972370335,1.9369306109875375,0.6035781502723694,364,8740,96087,1699
60,0.6188028566943437,0.04912332593800428,0.0990602975724354,0.42933690547943115,0.06408308004052685,0.21810344827586206,0.10377358490566038,0.003160919540229885,3.1627981999566255,0.8411599397659302,759,11085,91498,2721
