Endpoint,auc,aupr,best_f1,best_f1_threshold,precision_at_best_f1_threshold,recall_at_best_f1_threshold,precision_at_1000_per_million,recall_at_1000_per_million,rr_at_1000_per_million,threshold_at_1000_per_million,cm_tp,cm_fp,cm_tn,cm_fn
3,0.6004627190926984,0.002327975719685167,0.008629989212513484,0.07224252820014954,0.005502063273727648,0.02,0.0,0.0,0.0,0.08671946823596954,4,723,105967,196
6,0.5975019033342717,0.0049687454126905,0.013685611100551226,0.057784032076597214,0.007404360345536816,0.09022556390977443,0.0,0.0,0.0,0.08671946823596954,36,4826,101665,363
12,0.617306044267832,0.009663658338347996,0.02374558303886926,0.04626274108886719,0.012298682284040996,0.34285714285714286,0.0,0.0,0.0,0.08671946823596954,252,20238,85917,483
36,0.648279588625781,0.032988013839372256,0.07743703957512421,0.37681710720062256,0.05944239873750658,0.11105651105651106,0.08411214953271028,0.004422604422604423,4.418057819926978,0.47321245074272156,226,3576,101279,1809
60,0.6360183734866544,0.0535958081128489,0.10816375009897856,0.46416041254997253,0.07465296753743579,0.19626436781609197,0.02830188679245283,0.0008620689655172414,0.8628090435914119,0.655577540397644,683,8466,94145,2797
