Endpoint,auc,aupr,best_f1,best_f1_threshold,precision_at_best_f1_threshold,recall_at_best_f1_threshold,precision_at_1000_per_million,recall_at_1000_per_million,rr_at_1000_per_million,threshold_at_1000_per_million,cm_tp,cm_fp,cm_tn,cm_fn
3,0.614010465579889,0.004465495312576337,0.029166666666666667,0.15317626297473907,0.02702702702702703,0.03167420814479638,0.0,0.0,0.0,0.19355741143226624,7,252,106417,214
6,0.6185856202185601,0.00586930479925986,0.021170610211706103,0.15317626297473907,0.014345991561181435,0.040380047505938245,0.0,0.0,0.0,0.2744285464286804,17,1168,105301,404
12,0.6056288687168517,0.011303971621027024,0.04347826086956522,0.1783454418182373,0.03934426229508197,0.048582995951417005,0.0,0.0,0.0,0.3660455048084259,36,879,105270,705
36,0.6141190089026958,0.026792650651263617,0.05342278543918499,0.4391798675060272,0.03595317725752508,0.10391493475108748,0.0,0.0,0.0,0.6552361845970154,215,5765,99056,1854
60,0.6182649268742118,0.046876619698483925,0.08658210947930575,0.3987182676792145,0.04898036253776435,0.37270114942528737,0.09433962264150944,0.0028735632183908046,2.8750271090869663,0.7893024682998657,1297,25183,77391,2183
