Endpoint,auc,aupr,best_f1,best_f1_threshold,precision_at_best_f1_threshold,recall_at_best_f1_threshold,precision_at_1000_per_million,recall_at_1000_per_million,rr_at_1000_per_million,threshold_at_1000_per_million,cm_tp,cm_fp,cm_tn,cm_fn
3,0.5588918706868529,0.002233468736078896,0.00681375730045425,0.19215193390846252,0.003528225806451613,0.09905660377358491,0.0,0.0,0.0,0.31971386075019836,21,5931,100747,191
6,0.5359830520850817,0.004985967667324062,0.028138528138528136,0.28869614005088806,0.02584493041749503,0.030878859857482184,0.0,0.0,0.0,0.31971386075019836,13,490,105979,408
12,0.5643107325088645,0.008606567294122075,0.02090176171991639,0.19215193390846252,0.011760752688172043,0.0938337801608579,0.0,0.0,0.0,0.31971386075019836,70,5882,100262,676
36,0.5761646561503471,0.02533313965935742,0.050749898662342925,0.10998998582363129,0.02766850828729282,0.3061124694376528,0.09345794392523364,0.004889975550122249,4.8849484724539,0.31971386075019836,626,21999,82846,1419
60,0.5673687691102206,0.039378900356118886,0.08020398701900787,0.1990334838628769,0.04532524889587544,0.3479885057471264,0.009433962264150943,0.00028735632183908046,0.28756235090002163,0.9671379327774048,1211,25507,77089,2269
