Endpoint,auc,aupr,best_f1,best_f1_threshold,precision_at_best_f1_threshold,recall_at_best_f1_threshold,precision_at_1000_per_million,recall_at_1000_per_million,rr_at_1000_per_million,threshold_at_1000_per_million,cm_tp,cm_fp,cm_tn,cm_fn
3,0.6801502724626862,0.006923090697926496,0.01941747572815534,0.06324946135282516,0.6666666666666666,0.009852216748768473,0.018691588785046728,0.009852216748768473,9.84208830164357,0.04556399956345558,2,1,106686,201
6,0.56625366876737,0.004821719118682558,0.01873001370488808,0.06762637943029404,0.010322255790533736,0.10098522167487685,0.0,0.0,0.0,0.09684281796216965,41,3931,102553,365
12,0.5944135905315823,0.009321630691377956,0.024428212190156867,0.0641593337059021,0.01341575693805077,0.13636363636363635,0.0,0.0,0.0,0.1043323278427124,102,7501,98641,646
36,0.6266848765783198,0.029800450070572217,0.068734372506251,0.2795194387435913,0.03863867456187571,0.3108758421559192,0.0,0.0,0.0,0.46006298065185547,646,16073,88739,1432
60,0.6178518056235256,0.04820477244368333,0.09546903145351254,0.30128926038742065,0.05427761146998582,0.39597701149425285,0.0,0.0,0.0,0.5972931385040283,1378,24010,78582,2102
