Endpoint,auc,aupr,best_f1,best_f1_threshold,precision_at_best_f1_threshold,recall_at_best_f1_threshold,precision_at_1000_per_million,recall_at_1000_per_million,rr_at_1000_per_million,threshold_at_1000_per_million,cm_tp,cm_fp,cm_tn,cm_fn
3,0.8332874775019828,0.04971139715532629,0.1187800963081862,0.08301562070846558,0.0784452296819788,0.2444933920704846,0.12307692307692308,0.02643171806167401,26.479159606912912,0.11204078048467636,222,2608,191834,686
6,0.817072328736655,0.08972166907411794,0.20304860511935574,0.08167612552642822,0.140777666999003,0.3641052088705518,0.1794871794871795,0.018050541516245487,18.082939924095157,0.11629632115364075,706,4309,189102,1233
12,0.8249033122960558,0.15655675599515076,0.2971895758814512,0.29453912377357483,0.23230548010864355,0.41236528644356213,0.36923076923076925,0.02041973908111174,20.45638989484707,0.3808138072490692,1454,4805,187019,2072
36,0.8246572468794519,0.3285162204834774,0.42946388005452063,0.2579347491264343,0.4949600733080246,0.37927575484000403,0.6615384615384615,0.012940114354498947,12.963340200776251,0.3808138072490692,3781,3858,181523,6188
60,0.8300295883354903,0.4793428179586501,0.4861053190279411,0.6061702966690063,0.6044121806354295,0.40653138871274574,0.8341968911917098,0.010209258084971464,10.21962603618729,0.9507008790969849,6411,4196,173230,9359
