Endpoint,auc,aupr,best_f1,best_f1_threshold,precision_at_best_f1_threshold,recall_at_best_f1_threshold,precision_at_1000_per_million,recall_at_1000_per_million,rr_at_1000_per_million,threshold_at_1000_per_million,cm_tp,cm_fp,cm_tn,cm_fn
3,0.5729287609845896,0.002247267708042633,0.01812688821752266,0.1510026752948761,0.022222222222222223,0.015306122448979591,0.0,0.0,0.0,0.1526499092578888,3,132,106562,193
6,0.6016255567593596,0.005003244998795387,0.02254428341384863,0.14599528908729553,0.030303030303030304,0.017948717948717947,0.0,0.0,0.0,0.1526499092578888,7,224,106276,383
12,0.6033057291836109,0.008531471463849614,0.018610176202732132,0.08581027388572693,0.009641025641025642,0.26704545454545453,0.0,0.0,0.0,0.1526499092578888,188,19312,86874,516
36,0.597523606178689,0.024462031670940503,0.049517697625131224,0.06650222837924957,0.025807783627542068,0.6091617933723197,0.028037383177570093,0.0014619883040935672,1.4604853254631907,0.1526499092578888,1250,47185,57653,802
60,0.6027152620637667,0.041166211931344364,0.08261192184021766,0.18223054707050323,0.04423480511012857,0.6238505747126437,0.0,0.0,0.0,0.5882545709609985,2171,46908,55680,1309
