Endpoint,auc,aupr,best_f1,best_f1_threshold,precision_at_best_f1_threshold,recall_at_best_f1_threshold,precision_at_1000_per_million,recall_at_1000_per_million,rr_at_1000_per_million,threshold_at_1000_per_million,cm_tp,cm_fp,cm_tn,cm_fn
3,0.6661627261196266,0.002896042539681173,0.007242154332806127,0.04989679530262947,0.003653159773252152,0.41232227488151657,0.0,0.0,0.0,0.09904377162456512,87,23728,82951,124
6,0.6162041174129086,0.005350445096362697,0.016157989228007184,0.08354012668132782,0.012968299711815562,0.02142857142857143,0.0,0.0,0.0,0.09904377162456512,9,685,105785,411
12,0.6318418980830475,0.00998900387842477,0.02778420930771011,0.06932855397462845,0.016755096341803964,0.08130081300813008,0.0,0.0,0.0,0.09904377162456512,60,3521,102631,678
36,0.6248152909887659,0.0270705169205674,0.053485033760433835,0.32054898142814636,0.030063953140876218,0.24205967276227142,0.0,0.0,0.0,0.4563167691230774,503,16228,88584,1575
60,0.61236050292735,0.04408002230746124,0.08472279131339239,0.38041412830352783,0.04758027401139944,0.38620689655172413,0.03773584905660377,0.0011494252873563218,1.150032530904359,0.6265658140182495,1344,26903,75673,2136
