Endpoint,auc,aupr,best_f1,best_f1_threshold,precision_at_best_f1_threshold,recall_at_best_f1_threshold,precision_at_1000_per_million,recall_at_1000_per_million,rr_at_1000_per_million,threshold_at_1000_per_million,cm_tp,cm_fp,cm_tn,cm_fn
3,0.44332318073192445,0.001591802905631108,0.014953271028037384,0.2899189889431,0.011428571428571429,0.021621621621621623,0.0,0.0,0.0,0.3569277822971344,4,346,106359,181
6,0.5061337684289604,0.003862204046574112,0.011627906976744188,0.13870619237422943,0.006880733944954129,0.0375,0.0,0.0,0.0,0.3569277822971344,15,2165,104325,385
12,0.5427226507280097,0.007967472568090403,0.02406504065040651,0.13414952158927917,0.015839041095890412,0.05006765899864682,0.0,0.0,0.0,0.3569277822971344,37,2299,103852,702
36,0.5897115267609534,0.025656318169393042,0.053739612188365656,0.6029056310653687,0.03750966744006187,0.0947265625,0.0,0.0,0.0,0.9160382151603699,194,4978,99864,1854
60,0.6098974532451508,0.04517752579853429,0.08692626451143516,0.1983143836259842,0.04883944122560694,0.39482758620689656,0.0,0.0,0.0,0.9160382151603699,1374,26759,75839,2106
