Endpoint,auc,aupr,best_f1,best_f1_threshold,precision_at_best_f1_threshold,recall_at_best_f1_threshold,precision_at_1000_per_million,recall_at_1000_per_million,rr_at_1000_per_million,threshold_at_1000_per_million,cm_tp,cm_fp,cm_tn,cm_fn
3,0.5876504474667746,0.002721807318167231,0.012068019747668678,0.07843389362096786,0.006404657933042212,0.10426540284360189,0.0,0.0,0.0,0.2290164977312088,22,3413,103266,189
6,0.5622756577976359,0.004447480896883566,0.011413748378728923,0.07843389362096786,0.006404657933042212,0.05238095238095238,0.0,0.0,0.0,0.2290164977312088,22,3413,103057,398
12,0.5587327312106115,0.008910998127013533,0.031680083095299925,0.13767175376415253,0.019595245743655638,0.08265582655826559,0.037383177570093455,0.005420054200542005,5.414482182204999,0.2669523358345032,61,3052,103100,677
36,0.6317297312605213,0.026432987786531085,0.05524625267665953,0.24657303094863892,0.02905987184621546,0.5587102983638114,0.0,0.0,0.0,0.4464205503463745,1161,38791,66021,917
60,0.6223507896359884,0.04392890110379747,0.08707105719237433,0.24638786911964417,0.04734263098379193,0.5413793103448276,0.0,0.0,0.0,0.44645947217941284,1884,37911,64665,1596
