Endpoint,auc,aupr,best_f1,best_f1_threshold,precision_at_best_f1_threshold,recall_at_best_f1_threshold,precision_at_1000_per_million,recall_at_1000_per_million,rr_at_1000_per_million,threshold_at_1000_per_million,cm_tp,cm_fp,cm_tn,cm_fn
3,0.6826858520102994,0.004244338419260316,0.023255813953488372,0.0548216886818409,0.06521739130434782,0.014150943396226415,0.028037383177570093,0.014150943396226415,14.136395697407863,0.05140172317624092,3,43,106635,209
6,0.6121711600923474,0.007011254294741512,0.01878453038674033,0.16130264103412628,0.012336719883889695,0.03935185185185185,0.037383177570093455,0.009259259259259259,9.249740394600206,0.18610024452209473,17,1361,105097,415
12,0.6193098011932623,0.010276591114248845,0.021617969937510556,0.1243889257311821,0.011276208374933929,0.2608695652173913,0.037383177570093455,0.005434782608695652,5.429195449004469,0.18610024452209473,192,16835,89319,544
36,0.6186382047178661,0.028634221320606813,0.057254710056276005,0.12764710187911987,0.03276851981515194,0.2265246853823814,0.08411214953271028,0.004356243949661181,4.351765568030688,0.18610024452209473,468,13814,91010,1598
60,0.6320347689300315,0.05105198980106256,0.0950550178973883,0.4254452884197235,0.06177839048767879,0.20603448275862069,0.1509433962264151,0.004597701149425287,4.600433745391455,0.6528871655464172,717,10889,91694,2763
