Endpoint,auc,aupr,best_f1,best_f1_threshold,precision_at_best_f1_threshold,recall_at_best_f1_threshold,precision_at_1000_per_million,recall_at_1000_per_million,rr_at_1000_per_million,threshold_at_1000_per_million,cm_tp,cm_fp,cm_tn,cm_fn
3,0.5680313588005538,0.007081294163546998,0.00980392156862745,0.06245269626379013,1.0,0.0049261083743842365,0.009345794392523364,0.0049261083743842365,4.921044150821785,0.04883158206939697,1,0,106687,202
6,0.570375637938322,0.011761861810175743,0.015727391874180863,0.046360474079847336,0.017191977077363897,0.014492753623188406,0.028037383177570093,0.007246376811594203,7.238927265339293,0.04883158206939697,6,343,106133,408
12,0.5940476275268848,0.013042944233541142,0.022501654533421574,0.06899664551019669,0.01504424778761062,0.04461942257217848,0.028037383177570093,0.003937007874015748,3.932960482743395,0.07816167920827866,34,2226,103902,728
36,0.6074720972840336,0.02686512583498045,0.05227351614022908,0.21899868547916412,0.027109247025363166,0.7285921625544267,0.056074766355140186,0.002902757619738752,2.8997734763913567,0.25518548488616943,1506,54047,50776,561
60,0.6127534538676729,0.049191897154752334,0.08470341906778653,0.26618942618370056,0.04617499805442424,0.5114942528735632,0.09433962264150944,0.0028735632183908046,2.8749728909130345,0.30764901638031006,1780,36769,65803,1700
