Endpoint,auc,aupr,best_f1,best_f1_threshold,precision_at_best_f1_threshold,recall_at_best_f1_threshold,precision_at_1000_per_million,recall_at_1000_per_million,rr_at_1000_per_million,threshold_at_1000_per_million,cm_tp,cm_fp,cm_tn,cm_fn
3,0.46097102772610016,0.0016746211544181472,0.006476421776968225,0.03138849511742592,0.0032999896875322266,0.17297297297297298,0.0,0.0,0.0,0.3385796844959259,32,9665,97040,153
6,0.48810113625692547,0.003541773097236591,0.008913538674853916,0.03138849511742592,0.004640610498092193,0.1125,0.0,0.0,0.0,0.3385796844959259,45,9652,96838,355
12,0.5274408864467829,0.00760936240207673,0.01966108042318135,0.030467428267002106,0.01056125528062764,0.14208389715832206,0.0,0.0,0.0,0.3385796844959259,105,9837,96314,634
36,0.5918783219630491,0.02549345329848291,0.054270736971939564,0.31013789772987366,0.031058092750758805,0.21484375,0.0,0.0,0.0,0.8163262605667114,440,13727,91115,1608
60,0.595686932796297,0.04381755464539323,0.08276959808993235,0.31013789772987366,0.05159095740911346,0.20919540229885059,0.02830188679245283,0.0008620689655172414,0.8627033181522447,0.817730188369751,728,13383,89215,2752
