Endpoint,auc,aupr,best_f1,best_f1_threshold,precision_at_best_f1_threshold,recall_at_best_f1_threshold,precision_at_1000_per_million,recall_at_1000_per_million,rr_at_1000_per_million,threshold_at_1000_per_million,cm_tp,cm_fp,cm_tn,cm_fn
3,0.4635614335080671,0.001797853551823347,0.00425531914893617,0.037591371685266495,0.003875968992248062,0.0047169811320754715,0.0,0.0,0.0,0.039423998445272446,1,257,106421,211
6,0.5270498931183382,0.004448335230230075,0.012364760432766615,0.03199845924973488,0.0066604995374653095,0.0861244019138756,0.0,0.0,0.0,0.039423998445272446,36,5369,101103,382
12,0.5922709343996079,0.009539655123648186,0.030264357338195075,0.17809249460697174,0.017481044650379106,0.11261872455902307,0.0,0.0,0.0,0.21609951555728912,83,4665,101488,654
36,0.6046423839199835,0.026506905913866077,0.055563594270004346,0.17772740125656128,0.0394655704008222,0.093841642228739,0.009345794392523364,0.0004887585532746823,0.4882560912105681,0.21609951555728912,192,4673,100171,1854
60,0.6156755312109882,0.046548523562808336,0.08467379964577722,0.3127322793006897,0.04624108964676577,0.5014367816091954,0.03773584905660377,0.0011494252873563218,1.1500650618087183,0.5492860078811646,1745,35992,66587,1735
