Endpoint,auc,aupr,best_f1,best_f1_threshold,precision_at_best_f1_threshold,recall_at_best_f1_threshold,precision_at_1000_per_million,recall_at_1000_per_million,rr_at_1000_per_million,threshold_at_1000_per_million,cm_tp,cm_fp,cm_tn,cm_fn
3,0.6262719823132148,0.0025879533524196534,0.010064043915827997,0.033314406871795654,0.005513784461152882,0.05759162303664921,0.0,0.0,0.0,0.039628349244594574,11,1984,104715,180
6,0.6068671009401845,0.005698271159295721,0.02693602693602694,0.058286163955926895,0.015796401930671347,0.09137055837563451,0.0,0.0,0.0,0.07018870115280151,36,2243,104253,358
12,0.6196889862485829,0.010922270520982604,0.039974619289340096,0.05825977772474289,0.0260008254230293,0.08641975308641975,0.0,0.0,0.0,0.07094641029834747,63,2360,103801,666
36,0.6372530109355748,0.03213830837517743,0.07411907654921021,0.33536744117736816,0.0632561354994815,0.08948655256723716,0.14018691588785046,0.007334963325183374,7.327422708680849,0.39933550357818604,183,2710,102135,1862
60,0.6418412300704305,0.05493772795462328,0.10522788203753351,0.43782153725624084,0.08607456140350878,0.1353448275862069,0.08490566037735849,0.002586206896551724,2.5871340273259595,0.5753893852233887,471,5001,97557,3009
