Endpoint,auc,aupr,best_f1,best_f1_threshold,precision_at_best_f1_threshold,recall_at_best_f1_threshold,precision_at_1000_per_million,recall_at_1000_per_million,rr_at_1000_per_million,threshold_at_1000_per_million,cm_tp,cm_fp,cm_tn,cm_fn
3,0.5155992712330919,0.0022120883495138823,0.008094045095394102,0.18114404380321503,0.004219409282700422,0.09905660377358491,0.0,0.0,0.0,0.19891314208507538,21,4956,101722,191
6,0.596098104811167,0.005576627451200949,0.01778436457947388,0.18114404380321503,0.009644364074743821,0.11401425178147269,0.0,0.0,0.0,0.19891314208507538,48,4929,101540,373
12,0.6051730762333684,0.009990826259548578,0.026887966804979253,0.18069371581077576,0.015329295987887964,0.10931174089068826,0.0,0.0,0.0,0.19891314208507538,81,5203,100946,660
36,0.6130064883017569,0.026797847821942986,0.05474930835315245,0.16817738115787506,0.030410870268521514,0.27418570734078757,0.028037383177570093,0.0014584346135148275,1.4569352882112139,0.19891314208507538,564,17982,86851,1493
60,0.61626214645952,0.04679391280732508,0.08918784255107126,0.17312730848789215,0.05693384223918575,0.2057471264367816,0.11320754716981132,0.0034482758620689655,3.4507482108002603,0.19895529747009277,716,11860,90736,2764
