Endpoint,auc,aupr,best_f1,best_f1_threshold,precision_at_best_f1_threshold,recall_at_best_f1_threshold,precision_at_1000_per_million,recall_at_1000_per_million,rr_at_1000_per_million,threshold_at_1000_per_million,cm_tp,cm_fp,cm_tn,cm_fn
3,0.6960789632727493,0.004098938191104894,0.016372795969773302,0.19325126707553864,0.009386281588447653,0.06403940886699508,0.0,0.0,0.0,0.27466633915901184,13,1372,105315,190
6,0.6528065957279829,0.007180175354968248,0.026525198938992044,0.1650806963443756,0.0146484375,0.14018691588785046,0.0,0.0,0.0,0.27466633915901184,60,4036,102426,368
12,0.6452688117162209,0.012017581913716787,0.033374536464771315,0.1650806963443756,0.019775390625,0.10686015831134564,0.0,0.0,0.0,0.27466633915901184,81,4015,102117,677
36,0.6299532435699137,0.03036381309819063,0.06557377049180328,0.1522253006696701,0.04252873563218391,0.14313346228239845,0.0,0.0,0.0,0.27466633915901184,296,6664,98158,1772
60,0.6046419657394679,0.04849606699831501,0.09279427122184097,0.14359082281589508,0.06266371146483982,0.17873563218390803,0.0,0.0,0.0,0.2749076187610626,622,9304,93263,2858
