Endpoint,auc,aupr,best_f1,best_f1_threshold,precision_at_best_f1_threshold,recall_at_best_f1_threshold,precision_at_1000_per_million,recall_at_1000_per_million,rr_at_1000_per_million,threshold_at_1000_per_million,cm_tp,cm_fp,cm_tn,cm_fn
3,0.6093850642047053,0.0028218795773495616,0.011491557223264542,0.029073892161250114,0.005883765609990394,0.245,0.0,0.0,0.0,0.03806523233652115,49,8279,98411,151
6,0.5907247184768705,0.005434233976652383,0.018721370244971124,0.05691540241241455,0.010224059169023277,0.11084905660377359,0.0,0.0,0.0,0.07296986132860184,47,4550,101916,377
12,0.5909351089808401,0.009032262705621805,0.022581994145408926,0.0485912561416626,0.011823584610572412,0.2506631299734748,0.0,0.0,0.0,0.07299181818962097,189,15796,90340,565
36,0.6136787532220992,0.027715977499899937,0.05639579594975646,0.274909108877182,0.031509596104268116,0.2682926829268293,0.037383177570093455,0.001951219512195122,1.9492135855937998,0.4197618365287781,550,16905,87935,1500
60,0.6344117838561366,0.053449654793524634,0.09321478708469817,0.37191295623779297,0.05567356064840693,0.28620689655172415,0.10377358490566038,0.003160919540229885,3.162291260030362,0.5995921492576599,996,16894,85672,2484
