Endpoint,auc,aupr,best_f1,best_f1_threshold,precision_at_best_f1_threshold,recall_at_best_f1_threshold,precision_at_1000_per_million,recall_at_1000_per_million,rr_at_1000_per_million,threshold_at_1000_per_million,cm_tp,cm_fp,cm_tn,cm_fn
3,0.6955903181749202,0.004091453581758039,0.023287671232876714,0.04305008053779602,0.013621794871794872,0.08018867924528301,0.0,0.0,0.0,0.054401252418756485,17,1231,105447,195
6,0.6265892635106316,0.006306364662316448,0.02002670226969292,0.14474424719810486,0.014071294559099437,0.034722222222222224,0.037383177570093455,0.009259259259259259,9.249740394600206,0.16374492645263672,15,1051,105407,417
12,0.6359270276222977,0.010262010770302478,0.02540220152413209,0.1408320814371109,0.01845018450184502,0.04076086956521739,0.037383177570093455,0.005434782608695652,5.429195449004469,0.16374492645263672,30,1596,104558,706
36,0.6245797847370439,0.02879317152429201,0.05875047248771532,0.11294306069612503,0.0330638789278551,0.2633107454017425,0.037383177570093455,0.001936108422071636,1.9341180302358612,0.16374492645263672,544,15909,88915,1522
60,0.6266755705864643,0.05058698538389494,0.09270460436983087,0.36910849809646606,0.059031598805219306,0.21580459770114943,0.12264150943396226,0.003735632183908046,3.7378524181305575,0.6154389977455139,751,11971,90612,2729
