Endpoint,auc,aupr,best_f1,best_f1_threshold,precision_at_best_f1_threshold,recall_at_best_f1_threshold,precision_at_1000_per_million,recall_at_1000_per_million,rr_at_1000_per_million,threshold_at_1000_per_million,cm_tp,cm_fp,cm_tn,cm_fn
3,0.5640481763027816,0.0022024427421221977,0.007222990625480252,0.07355649024248123,0.0036667186768606645,0.23979591836734693,0.0,0.0,0.0,0.10812656581401825,47,12771,93923,149
6,0.5801749608763693,0.004851470465539015,0.016771488469601678,0.10926627367734909,0.04597701149425287,0.010256410256410256,0.037383177570093455,0.010256410256410256,10.24586628324946,0.10812656581401825,4,83,106417,386
12,0.6157686373225028,0.00938755198847246,0.026881720430107524,0.09471606463193893,0.025510204081632654,0.028409090909090908,0.037383177570093455,0.005681818181818182,5.675977060322854,0.10812656581401825,20,764,105422,684
36,0.6110295525293327,0.027208709819556788,0.054745899435332084,0.07109185308218002,0.030768300791875716,0.24805068226120858,0.1308411214953271,0.00682261208576998,6.815598185494889,0.10812656581401825,509,16034,88804,1543
60,0.5945393601523604,0.040185287223471575,0.08048301363531314,0.21655088663101196,0.044739208633093525,0.4002873563218391,0.0,0.0,0.0,0.4317800998687744,1393,29743,72845,2087
