Endpoint,auc,aupr,best_f1,best_f1_threshold,precision_at_best_f1_threshold,recall_at_best_f1_threshold,precision_at_1000_per_million,recall_at_1000_per_million,rr_at_1000_per_million,threshold_at_1000_per_million,cm_tp,cm_fp,cm_tn,cm_fn
3,0.5306679762692404,0.0020233226260917194,0.005788025429357624,0.030113160610198975,0.0029221556886227544,0.30049261083743845,0.0,0.0,0.0,0.5313785076141357,61,20814,85873,142
6,0.5197074926515308,0.004015692637774248,0.009383940492084682,0.022262727841734886,0.0047694753577106515,0.2887323943661972,0.0,0.0,0.0,0.5313785076141357,123,25666,80798,303
12,0.5246826181616656,0.007423910940041347,0.0163258436421779,0.06594452261924744,0.0087151841868823,0.12881806108897742,0.0,0.0,0.0,0.5313785076141357,97,11033,95104,656
36,0.6173406494114955,0.026810967419476667,0.057424494240357615,0.31884700059890747,0.03255995320725288,0.24296799224054316,0.0,0.0,0.0,0.9311200976371765,501,14886,89942,1561
60,0.6229378928682204,0.04563610699172054,0.09149758206893023,0.3068838119506836,0.05022048703760919,0.5137931034482759,0.03773584905660377,0.0011494252873563218,1.150032530904359,0.9334748983383179,1788,33815,68761,1692
