Endpoint,auc,aupr,best_f1,best_f1_threshold,precision_at_best_f1_threshold,recall_at_best_f1_threshold,precision_at_1000_per_million,recall_at_1000_per_million,rr_at_1000_per_million,threshold_at_1000_per_million,cm_tp,cm_fp,cm_tn,cm_fn
3,0.6059119645702502,0.0028346749525381175,0.013098931402964495,0.2022542506456375,0.007034431691965938,0.095,0.0,0.0,0.0,0.22954735159873962,19,2682,104008,181
6,0.5965309444073829,0.005373797398277633,0.01929260450160772,0.2022542506456375,0.011106997408367271,0.07334963325183375,0.0,0.0,0.0,0.22954735159873962,30,2671,103810,379
12,0.6165178373172074,0.009720257649680425,0.02543720190779014,0.2005283087491989,0.01579466929911155,0.0653061224489796,0.0,0.0,0.0,0.22954735159873962,48,2991,103164,687
36,0.6015915933961087,0.025840543387217446,0.0516458760633469,0.12430863082408905,0.027764722895050793,0.36923076923076925,0.0,0.0,0.0,0.22954735159873962,768,26893,77917,1312
60,0.5876678437113266,0.04098684142100635,0.07983377816818137,0.030060650780797005,0.04240999317994185,0.6790229885057472,0.009433962264150943,0.00028735632183908046,0.28753253090435915,0.22954735159873962,2363,53355,49230,1117
