Endpoint,auc,aupr,best_f1,best_f1_threshold,precision_at_best_f1_threshold,recall_at_best_f1_threshold,precision_at_1000_per_million,recall_at_1000_per_million,rr_at_1000_per_million,threshold_at_1000_per_million,cm_tp,cm_fp,cm_tn,cm_fn
3,0.636548854918866,0.01289652413552014,0.01951219512195122,0.0752023458480835,1.0,0.009852216748768473,0.018691588785046728,0.009852216748768473,9.84208830164357,0.04577140137553215,2,0,106687,201
6,0.562202804630516,0.0045878600032927715,0.013816925734024179,0.09349984675645828,0.023121387283236993,0.009852216748768473,0.0,0.0,0.0,0.0976547971367836,4,169,106315,402
12,0.5805467365532018,0.008945111632953251,0.02363786786431864,0.06093032285571098,0.012965123816932453,0.13368983957219252,0.0,0.0,0.0,0.09856253117322922,100,7613,98529,648
36,0.6277057681204318,0.027623233719522626,0.05965573124260873,0.26480528712272644,0.03281453283862574,0.3277189605389798,0.0,0.0,0.0,0.4212619662284851,681,20072,84740,1397
60,0.6220010657101268,0.048579542249413556,0.09602378298030473,0.3792998790740967,0.06476190476190476,0.18563218390804598,0.009433962264150943,0.00028735632183908046,0.2875515072652353,0.5779297351837158,646,9329,93263,2834
