Endpoint,auc,aupr,best_f1,best_f1_threshold,precision_at_best_f1_threshold,recall_at_best_f1_threshold,precision_at_1000_per_million,recall_at_1000_per_million,rr_at_1000_per_million,threshold_at_1000_per_million,cm_tp,cm_fp,cm_tn,cm_fn
3,0.6356030597456568,0.002942987056004029,0.008464681844716871,0.09298213571310043,0.004298843759264749,0.27358490566037735,0.0,0.0,0.0,0.13275733590126038,58,13434,93244,154
6,0.6023330110094829,0.005041771580057155,0.012342857142857143,0.08552572131156921,0.006292532861004941,0.32066508313539194,0.0,0.0,0.0,0.13275733590126038,135,21319,85150,286
12,0.6023810362128317,0.008982571163092888,0.021668472372697724,0.08400171250104904,0.011181833820746603,0.3485254691689008,0.0,0.0,0.0,0.13275733590126038,260,22992,83152,486
36,0.5985273079214269,0.025248856564377163,0.05611460863530462,0.08838402479887009,0.03122241835834069,0.27677261613691934,0.0,0.0,0.0,0.13275733590126038,566,17562,87283,1479
60,0.5917053506488792,0.04659048278276484,0.0881409703782889,0.49047157168388367,0.05008033230142247,0.36724137931034484,0.09433962264150944,0.0028735632183908046,2.875623509000217,0.7873114943504333,1278,24241,78355,2202
