Endpoint,auc,aupr,best_f1,best_f1_threshold,precision_at_best_f1_threshold,recall_at_best_f1_threshold,precision_at_1000_per_million,recall_at_1000_per_million,rr_at_1000_per_million,threshold_at_1000_per_million,cm_tp,cm_fp,cm_tn,cm_fn
3,0.7062762455768776,0.00542330429285537,0.03125000000000001,0.17972807586193085,0.08888888888888889,0.018957345971563982,0.037383177570093455,0.018957345971563982,18.93785711121938,0.1657724529504776,4,41,106638,207
6,0.650504226253457,0.007142427645015536,0.02796271637816245,0.12027785927057266,0.016209957545349287,0.1016949152542373,0.037383177570093455,0.009685230024213076,9.67527324568351,0.1657724529504776,42,2549,103928,371
12,0.6457488428415069,0.012028826451006848,0.03290246768507638,0.11624699085950851,0.0199033266988911,0.0948509485094851,0.06542056074766354,0.009485094850948509,9.475343818858748,0.1657724529504776,70,3447,102705,668
36,0.6362363266659811,0.030905386730066823,0.06063319475535656,0.10009196400642395,0.03487345497351383,0.23201174743024963,0.12149532710280374,0.006363191385217817,6.356649786597499,0.1657724529504776,474,13118,91729,1569
60,0.6076470104332586,0.047401171862519256,0.09082749955124753,0.3148086369037628,0.0538183365241438,0.2908045977011494,0.10377358490566038,0.003160919540229885,3.163096399913251,0.7652360200881958,1012,17792,84801,2468
