Endpoint,auc,aupr,best_f1,best_f1_threshold,precision_at_best_f1_threshold,recall_at_best_f1_threshold,precision_at_1000_per_million,recall_at_1000_per_million,rr_at_1000_per_million,threshold_at_1000_per_million,cm_tp,cm_fp,cm_tn,cm_fn
3,0.8331032029889919,0.039104263260630406,0.10540601673829451,0.2503349781036377,0.06643855146849159,0.2549234135667396,0.05641025641025641,0.012035010940919038,12.056612242607867,0.4478062093257904,233,3274,191162,681
6,0.8034654903233567,0.07733726092952002,0.17047231779793556,0.23466633260250092,0.12189666741221203,0.2834113364534581,0.18974358974358974,0.01924076963078523,19.275304345507152,0.4478062093257904,545,3926,189501,1378
12,0.8095893985806057,0.12824333455259856,0.24875415282392027,0.20940624177455902,0.19543230016313215,0.3420902341519132,0.3282051282051282,0.018275271273557967,18.308073042510504,0.4478062093257904,1198,4932,186916,2304
36,0.8143487056481741,0.3051026230899934,0.4026438723784912,0.16741035878658295,0.3981326781326781,0.4072584698904192,0.6615384615384615,0.012968734291746255,12.992011507141697,0.4478062093257904,4051,6124,179279,5896
60,0.8146529321548917,0.44099130991255675,0.458581426929907,0.14942188560962677,0.5085334774886091,0.41756499682942294,0.9326424870466321,0.011414077362079899,11.423598949931167,0.4478062093257904,6585,6364,171027,9185
