Endpoint,auc,aupr,best_f1,best_f1_threshold,precision_at_best_f1_threshold,recall_at_best_f1_threshold,precision_at_1000_per_million,recall_at_1000_per_million,rr_at_1000_per_million,threshold_at_1000_per_million,cm_tp,cm_fp,cm_tn,cm_fn
3,0.6860991353709457,0.003891847816801672,0.012987012987012986,0.09745138138532639,0.006590639810426541,0.4405940594059406,0.0,0.0,0.0,0.14882361888885498,89,13415,93273,113
6,0.6340957596880075,0.006998006267621076,0.026845637583892613,0.1260722279548645,0.020833333333333332,0.03773584905660377,0.0,0.0,0.0,0.14882361888885498,16,752,105714,408
12,0.6406543647277562,0.010878335940011516,0.02786242925555072,0.1192040890455246,0.020671834625323,0.042723631508678236,0.0,0.0,0.0,0.14882361888885498,32,1516,104625,717
36,0.6307211485836796,0.030468092814808313,0.06316171577227901,0.09672150015830994,0.036059684995855205,0.2542620555284949,0.0,0.0,0.0,0.14882361888885498,522,13954,90883,1531
60,0.6174025733903704,0.049632039982258236,0.09712657326050819,0.35833922028541565,0.06120921879676743,0.23505747126436782,0.03773584905660377,0.0011494252873563218,1.1500216872695728,0.744381844997406,818,12546,90029,2662
