Endpoint,auc,aupr,best_f1,best_f1_threshold,precision_at_best_f1_threshold,recall_at_best_f1_threshold,precision_at_1000_per_million,recall_at_1000_per_million,rr_at_1000_per_million,threshold_at_1000_per_million,cm_tp,cm_fp,cm_tn,cm_fn
3,0.604966844325573,0.0025159289229438864,0.00988875154511743,0.08988212794065475,0.006557377049180328,0.020100502512562814,0.0,0.0,0.0,0.17279812693595886,4,606,106085,195
6,0.5764169268120349,0.004424010049033952,0.01069619655834146,0.02060573548078537,0.005419017563992222,0.40865384615384615,0.0,0.0,0.0,0.22490788996219635,170,31201,75273,246
12,0.5899223620047872,0.008529131771053298,0.018687222611539364,0.11558051407337189,0.011286681715575621,0.054274084124830396,0.0,0.0,0.0,0.40604597330093384,40,3504,102649,697
36,0.6155390248288111,0.02605969462571538,0.05427608481954782,0.27122464776039124,0.02927586729283442,0.3716346153846154,0.0,0.0,0.0,0.7503828406333923,773,25631,79179,1307
60,0.6384726010808692,0.04927629543507254,0.09570499182930967,0.3835683763027191,0.05360411701723483,0.4459770114942529,0.0,0.0,0.0,0.8012130856513977,1552,27401,75158,1928
