Endpoint,auc,aupr,best_f1,best_f1_threshold,precision_at_best_f1_threshold,recall_at_best_f1_threshold,precision_at_1000_per_million,recall_at_1000_per_million,rr_at_1000_per_million,threshold_at_1000_per_million,cm_tp,cm_fp,cm_tn,cm_fn
3,0.5796188125497568,0.002145940140971952,0.005260507023336504,0.024519113823771477,0.0026455026455026454,0.4563106796116505,0.0,0.0,0.0,0.07491262257099152,94,35438,71246,112
6,0.5907055257994163,0.004746787277423307,0.020345879959308238,0.052820079028606415,0.0176678445229682,0.023980815347721823,0.0,0.0,0.0,0.07491262257099152,10,556,105917,407
12,0.6322430000586474,0.01238448382270847,0.036078431372549014,0.3083863854408264,0.04307116104868914,0.0310391363022942,0.06542056074766354,0.009446693657219974,9.436982102992925,0.33467963337898254,23,511,105638,718
36,0.6310140449311495,0.030275711318358003,0.06427048431312823,0.2303885966539383,0.03807633312280068,0.20595412396290874,0.06542056074766354,0.003416300634455832,3.4127885496914376,0.33467963337898254,422,10661,94180,1627
60,0.6424088630734591,0.05209324680042314,0.09677000908029575,0.22753284871578217,0.062489529234377617,0.21436781609195402,0.16037735849056603,0.004885057471264368,4.888053025374106,0.3345104455947876,746,11192,91393,2734
