Endpoint,auc,aupr,best_f1,best_f1_threshold,precision_at_best_f1_threshold,recall_at_best_f1_threshold,precision_at_1000_per_million,recall_at_1000_per_million,rr_at_1000_per_million,threshold_at_1000_per_million,cm_tp,cm_fp,cm_tn,cm_fn
3,0.6762686533491331,0.00291256235949048,0.009333899024183284,0.03130806237459183,0.004747108579319869,0.27638190954773867,0.0,0.0,0.0,0.10954762995243073,55,11531,95160,144
6,0.654576537103316,0.005722396049558721,0.013320274240940254,0.05152077600359917,0.0072510130091703985,0.08173076923076923,0.0,0.0,0.0,0.15442752838134766,34,4655,101819,382
12,0.6349740877971111,0.009697702205023227,0.022608987632212207,0.04744413495063782,0.011542527356361246,0.5481682496607869,0.0,0.0,0.0,0.31182676553726196,404,34597,71556,333
36,0.628480233004044,0.028204616667908654,0.05635341014579807,0.2847253382205963,0.03178710035113658,0.24807692307692308,0.0,0.0,0.0,0.7157055139541626,516,15717,89093,1564
60,0.6198067949785674,0.047038637189159294,0.08578938146136324,0.3625395894050598,0.04885252444621832,0.35172413793103446,0.02830188679245283,0.0008620689655172414,0.862386141834743,0.7837998867034912,1224,23831,78728,2256
