Endpoint,auc,aupr,best_f1,best_f1_threshold,precision_at_best_f1_threshold,recall_at_best_f1_threshold,precision_at_1000_per_million,recall_at_1000_per_million,rr_at_1000_per_million,threshold_at_1000_per_million,cm_tp,cm_fp,cm_tn,cm_fn
3,0.6077784937669884,0.002342532182443855,0.005473453749315818,0.028392205014824867,0.002767017155506364,0.25,0.0,0.0,0.0,0.041080206632614136,50,18020,88670,150
6,0.5954935032851306,0.008032419512431076,0.05223880597014926,0.08295327425003052,0.125,0.0330188679245283,0.08411214953271028,0.02122641509433962,21.204593546111795,0.08295327425003052,14,98,106368,410
12,0.5868119145567501,0.010460143660299095,0.033009708737864074,0.07888719439506531,0.06159420289855073,0.022546419098143235,0.08411214953271028,0.011936339522546418,11.92406851929894,0.08295327425003052,17,259,105877,737
36,0.6134989693935474,0.02747013734950451,0.05531189083820663,0.36616116762161255,0.036862617733030206,0.11073170731707317,0.028037383177570093,0.0014634146341463415,1.4619101891953499,0.47636064887046814,227,5931,98909,1823
60,0.6228458445932542,0.05075766828294419,0.09167165967645298,0.4904439449310303,0.07024793388429752,0.13189655172413794,0.08490566037735849,0.002586206896551724,2.587329212752114,0.6517651081085205,459,6075,96491,3021
