Endpoint,auc,aupr,best_f1,best_f1_threshold,precision_at_best_f1_threshold,recall_at_best_f1_threshold,precision_at_1000_per_million,recall_at_1000_per_million,rr_at_1000_per_million,threshold_at_1000_per_million,cm_tp,cm_fp,cm_tn,cm_fn
3,0.5568943884973405,0.006996876984850516,0.00980392156862745,0.12794238328933716,1.0,0.0049261083743842365,0.009345794392523364,0.0049261083743842365,4.921044150821785,0.06614001840353012,1,0,106687,202
6,0.5721642857803977,0.011678287045983414,0.014598540145985403,0.05978487432003021,0.01845018450184502,0.012077294685990338,0.028037383177570093,0.007246376811594203,7.238927265339293,0.06614001840353012,5,266,106210,409
12,0.5899496628742867,0.01290115955910126,0.020669190627238307,0.042803965508937836,0.011208522916435468,0.1325459317585302,0.028037383177570093,0.003937007874015748,3.932960482743395,0.06614001840353012,101,8910,97218,661
36,0.6142030234937794,0.02773992642790748,0.05085659287776708,0.23831938207149506,0.02648196780466291,0.6390904692791485,0.028037383177570093,0.001451378809869376,1.4498867381956784,0.46708253026008606,1321,48562,56261,746
60,0.6299952113816546,0.05191002209169341,0.09278350515463919,0.3692767024040222,0.06178489702517163,0.18620689655172415,0.09433962264150944,0.0028735632183908046,2.8749728909130345,0.6734450459480286,648,9840,92732,2832
