Endpoint,auc,aupr,best_f1,best_f1_threshold,precision_at_best_f1_threshold,recall_at_best_f1_threshold,precision_at_1000_per_million,recall_at_1000_per_million,rr_at_1000_per_million,threshold_at_1000_per_million,cm_tp,cm_fp,cm_tn,cm_fn
3,0.4913422104526659,0.001670054858080894,0.0066061106523534275,0.1352294683456421,0.00392156862745098,0.020942408376963352,0.0,0.0,0.0,0.15897884964942932,4,1016,105683,187
6,0.5564350311124859,0.004277074102428684,0.019760056457304165,0.1352294683456421,0.013725490196078431,0.03526448362720403,0.0,0.0,0.0,0.15897884964942932,14,1006,105487,383
12,0.5707449619418656,0.0077106850070248235,0.016907011437095974,0.11100634187459946,0.0092706203135651,0.09590973201692525,0.0,0.0,0.0,0.15897884964942932,68,7267,98914,641
36,0.6070125394844603,0.026449166109365565,0.051474840948525155,0.11699454486370087,0.036633052068326816,0.08653378706854643,0.0,0.0,0.0,0.15897884964942932,178,4681,100152,1879
60,0.619112311746216,0.04664677734654403,0.08778173190984578,0.44072777032852173,0.05300859598853868,0.25517241379310346,0.19811320754716982,0.00603448275862069,6.038069290826285,0.7054968476295471,888,15864,86719,2592
