Endpoint,auc,aupr,best_f1,best_f1_threshold,precision_at_best_f1_threshold,recall_at_best_f1_threshold,precision_at_1000_per_million,recall_at_1000_per_million,rr_at_1000_per_million,threshold_at_1000_per_million,cm_tp,cm_fp,cm_tn,cm_fn
3,0.661798444425226,0.0029285781123392115,0.008724611848585768,0.0738532543182373,0.004404243227884069,0.458128078817734,0.0,0.0,0.0,0.24141451716423035,93,21023,85664,110
6,0.5898765737596533,0.00485361955756213,0.012912215513237343,0.0738532543182373,0.006582686114794469,0.3357487922705314,0.0,0.0,0.0,0.24141451716423035,139,20977,85499,275
12,0.5960358669548939,0.008899903179546805,0.022885975582285896,0.07325631380081177,0.011849778399813389,0.3333333333333333,0.0,0.0,0.0,0.24141451716423035,254,21181,84947,508
36,0.6008621250776086,0.024718962148541725,0.05486626883613102,0.07362712174654007,0.030104588711957033,0.30914368650217705,0.0,0.0,0.0,0.24141451716423035,639,20587,84236,1428
60,0.6317790858767668,0.04814404201986228,0.09195586760280844,0.2645162343978882,0.053439030076941015,0.3293103448275862,0.03773584905660377,0.0011494252873563218,1.1499891563652136,0.843201756477356,1146,20299,82273,2334
