Endpoint,auc,aupr,best_f1,best_f1_threshold,precision_at_best_f1_threshold,recall_at_best_f1_threshold,precision_at_1000_per_million,recall_at_1000_per_million,rr_at_1000_per_million,threshold_at_1000_per_million,cm_tp,cm_fp,cm_tn,cm_fn
3,0.5739179444903537,0.007135061368652426,0.00980392156862745,0.05699355527758598,1.0,0.0049261083743842365,0.009345794392523364,0.0049261083743842365,4.921044150821785,0.03699860721826553,1,0,106687,202
6,0.5971743898922222,0.012253769021721928,0.017241379310344827,0.03391457349061966,0.02127659574468085,0.014492753623188406,0.028037383177570093,0.007246376811594203,7.238927265339293,0.03699860721826553,6,276,106200,408
12,0.6247323343118972,0.014167235969896018,0.026275454346398074,0.06540710479021072,0.01576872536136662,0.07874015748031496,0.028037383177570093,0.003937007874015748,3.932960482743395,0.09330138564109802,60,3745,102383,702
36,0.6193146628111662,0.0288166509659489,0.05287241861678165,0.21687211096286774,0.027798553976564448,0.5394291243347847,0.056074766355140186,0.002902757619738752,2.8997734763913567,0.43495047092437744,1115,38995,65828,952
60,0.6346584258055233,0.05308990239652785,0.09703435033070194,0.28078868985176086,0.05697820095214232,0.3267241379310345,0.12264150943396226,0.003735632183908046,3.7374647581869445,0.6093974113464355,1137,18818,83754,2343
