Endpoint,auc,aupr,best_f1,best_f1_threshold,precision_at_best_f1_threshold,recall_at_best_f1_threshold,precision_at_1000_per_million,recall_at_1000_per_million,rr_at_1000_per_million,threshold_at_1000_per_million,cm_tp,cm_fp,cm_tn,cm_fn
3,0.5098296038437433,0.0018683342248435296,0.010746910263299303,0.035934142768383026,0.005988023952095809,0.05235602094240838,0.0,0.0,0.0,0.04652097448706627,10,1660,105039,181
6,0.5366503553964037,0.003999449676611917,0.013401831583649765,0.032811690121889114,0.007352941176470588,0.07556675062972293,0.0,0.0,0.0,0.04652097448706627,30,4050,102443,367
12,0.5823778844567894,0.008148508027097951,0.01997950819672131,0.13101358711719513,0.010464882270074461,0.22002820874471085,0.0,0.0,0.0,0.2239614725112915,156,14751,91430,553
36,0.6035163962725706,0.02461271540198326,0.048474973267477975,0.1013447567820549,0.025114315863524445,0.6942148760330579,0.028037383177570093,0.0014584346135148275,1.4569352882112139,0.2239614725112915,1428,55432,49401,629
60,0.6228938977476158,0.05059127231795547,0.08959421454399359,0.37939566373825073,0.05207846800560486,0.3204022988505747,0.12264150943396226,0.003735632183908046,3.7378524181305575,0.5250287055969238,1115,20295,82288,2365
