Endpoint,auc,aupr,best_f1,best_f1_threshold,precision_at_best_f1_threshold,recall_at_best_f1_threshold,precision_at_1000_per_million,recall_at_1000_per_million,rr_at_1000_per_million,threshold_at_1000_per_million,cm_tp,cm_fp,cm_tn,cm_fn
3,0.7281472305167624,0.004370036178790447,0.01783060921248143,0.2088163048028946,0.012526096033402923,0.030927835051546393,0.0,0.0,0.0,0.24376355111598969,6,473,106223,188
6,0.645337791457494,0.006420350065789462,0.023991275899672846,0.2069438099861145,0.0210727969348659,0.027848101265822784,0.0,0.0,0.0,0.24376355111598969,11,511,105984,384
12,0.649022240485545,0.011270942018977067,0.028445648493057904,0.14650335907936096,0.015503875968992248,0.1721311475409836,0.0,0.0,0.0,0.24376355111598969,126,8001,98157,606
36,0.6408096129541061,0.030864721482298768,0.06162671583691867,0.12626399099826813,0.033658580252439355,0.3645176926805623,0.07476635514018691,0.003877847794474067,3.873861221975075,0.24376355111598969,752,21590,83237,1311
60,0.6192640304617367,0.04963876027143717,0.09793634137810424,0.12626399099826813,0.056626668464338684,0.3620689655172414,0.07547169811320754,0.0022988505747126436,2.3,0.24376355111598969,1260,20991,81582,2220
