Endpoint,auc,aupr,best_f1,best_f1_threshold,precision_at_best_f1_threshold,recall_at_best_f1_threshold,precision_at_1000_per_million,recall_at_1000_per_million,rr_at_1000_per_million,threshold_at_1000_per_million,cm_tp,cm_fp,cm_tn,cm_fn
3,0.5024413532241445,0.002050923397647724,0.007462686567164179,0.04076423868536949,0.017857142857142856,0.0047169811320754715,0.009345794392523364,0.0047169811320754715,4.712131899135954,0.039536431431770325,1,55,106623,211
6,0.5816726845272527,0.005613452282390717,0.018943170488534396,0.043713271617889404,0.011964735516372796,0.045454545454545456,0.009345794392523364,0.0023923444976076554,2.3898850780306757,0.049040354788303375,19,1569,104903,399
12,0.6124792596988953,0.009788856120608962,0.021965777954635893,0.26278752088546753,0.011667230300980724,0.18724559023066487,0.028037383177570093,0.004070556309362279,4.066371625305925,0.3426073491573334,138,11690,94463,599
36,0.614105552081605,0.028744301807040178,0.05601550114497094,0.2927930951118469,0.04378958964472597,0.07771260997067449,0.07476635514018691,0.0039100684261974585,3.906048729684545,0.3426073491573334,159,3472,101372,1887
60,0.617275210818732,0.047184211320458885,0.08762086665870837,0.22284528613090515,0.04888770480884508,0.4218390804597701,0.1509433962264151,0.004597701149425287,4.600260247234873,0.3426073491573334,1468,28560,74019,2012
