Endpoint,auc,aupr,best_f1,best_f1_threshold,precision_at_best_f1_threshold,recall_at_best_f1_threshold,precision_at_1000_per_million,recall_at_1000_per_million,rr_at_1000_per_million,threshold_at_1000_per_million,cm_tp,cm_fp,cm_tn,cm_fn
3,0.6232691094739694,0.0030232102395796267,0.01008241978074738,0.023396240547299385,0.005132382892057027,0.28378378378378377,0.0,0.0,0.0,0.32221004366874695,63,12212,94456,159
6,0.5843166359776032,0.005252555099777331,0.015,0.02964160405099392,0.007836045810729355,0.17488789237668162,0.0,0.0,0.0,0.4242888391017914,78,9876,96568,368
12,0.5812831040577299,0.00927679173885213,0.022807017543859647,0.22151805460453033,0.01464513706346226,0.05151915455746367,0.0,0.0,0.0,0.6561242938041687,39,2624,103509,718
36,0.5962259572534143,0.025107965555476938,0.05523345872980748,0.21106232702732086,0.030397505845674203,0.3018867924528302,0.0,0.0,0.0,0.8394275903701782,624,19904,84919,1443
60,0.6050650593136441,0.04341677934294132,0.08624099621535833,0.21454565227031708,0.04712474983322215,0.5074712643678161,0.0,0.0,0.0,0.9254950881004333,1766,35709,66857,1714
