Endpoint,auc,aupr,best_f1,best_f1_threshold,precision_at_best_f1_threshold,recall_at_best_f1_threshold,precision_at_1000_per_million,recall_at_1000_per_million,rr_at_1000_per_million,threshold_at_1000_per_million,cm_tp,cm_fp,cm_tn,cm_fn
3,0.564532338130976,0.002406173116750995,0.009092385127455756,0.04394976422190666,0.004703510834873173,0.13592233009708737,0.0,0.0,0.0,0.12962619960308075,28,5925,100759,178
6,0.6434547721209919,0.007036761090549114,0.02472952086553323,0.06180191412568092,0.014739751266697375,0.07673860911270983,0.028037383177570093,0.007194244604316547,7.186848651919585,0.12962619960308075,32,2139,104334,385
12,0.6147652125842663,0.011765125015951436,0.03347799132052077,0.3052721917629242,0.03096330275229358,0.03643724696356275,0.07476635514018691,0.010796221322537112,10.785122403420484,0.3522120416164398,27,845,105304,714
36,0.6221046973504124,0.03154830702449562,0.061952701495204626,0.21946606040000916,0.03528294205455286,0.2537823328452904,0.11214953271028037,0.005856515373352855,5.850494656613893,0.3522120416164398,520,14218,90623,1529
60,0.6326337760836402,0.051583670363116965,0.09768637532133677,0.2281154990196228,0.06338208878624584,0.21293103448275863,0.11320754716981132,0.0034482758620689655,3.45039037085231,0.35207945108413696,741,10950,91635,2739
