Endpoint,auc,aupr,best_f1,best_f1_threshold,precision_at_best_f1_threshold,recall_at_best_f1_threshold,precision_at_1000_per_million,recall_at_1000_per_million,rr_at_1000_per_million,threshold_at_1000_per_million,cm_tp,cm_fp,cm_tn,cm_fn
3,0.6615386829075597,0.002755770503089489,0.008645533141210375,0.05341017618775368,0.004438466711499664,0.1658291457286432,0.0,0.0,0.0,0.22855022549629211,33,7402,99289,166
6,0.6040736764374401,0.006427162478245985,0.01873536299765808,0.3595031499862671,0.36363636363636365,0.009615384615384616,0.037383177570093455,0.009615384615384616,9.605499640546368,0.23396971821784973,4,7,106467,412
12,0.5883263259409715,0.009757160136293377,0.018035934714030994,0.03683572635054588,0.009133371533746592,0.7137042062415196,0.04672897196261682,0.0067842605156037995,6.777286042176542,0.3685576617717743,526,57065,49088,211
36,0.6200620284507498,0.027267435286531944,0.055102751654475784,0.3023570775985718,0.029703342095381148,0.3802884615384615,0.056074766355140186,0.0028846153846153848,2.8816498921639107,0.6364749670028687,791,25839,78971,1289
60,0.6357736724126163,0.04893649723457676,0.09270448191901884,0.4455937147140503,0.054979142154241094,0.29540229885057473,0.02830188679245283,0.0008620689655172414,0.862386141834743,0.7389416694641113,1028,17670,84889,2452
