Endpoint,auc,aupr,best_f1,best_f1_threshold,precision_at_best_f1_threshold,recall_at_best_f1_threshold,precision_at_1000_per_million,recall_at_1000_per_million,rr_at_1000_per_million,threshold_at_1000_per_million,cm_tp,cm_fp,cm_tn,cm_fn
3,0.47789597774180453,0.006704317497574322,0.00980392156862745,0.03517318516969681,1.0,0.0049261083743842365,0.009345794392523364,0.0049261083743842365,4.921044150821785,0.03430614247918129,1,0,106687,202
6,0.49107268599505677,0.010952309567253552,0.014388489208633093,0.03510522097349167,1.0,0.007246376811594203,0.028037383177570093,0.007246376811594203,7.238927265339293,0.03430614247918129,3,0,106476,411
12,0.57493079346962,0.012631851076799604,0.02241744925780067,0.06202417612075806,0.0145726664040961,0.048556430446194225,0.028037383177570093,0.003937007874015748,3.932960482743395,0.06306038796901703,37,2502,103626,725
36,0.6124027071303153,0.02727403816916054,0.05242100106148445,0.2606828808784485,0.02712614926987561,0.7764876632801161,0.07476635514018691,0.0038703434929850023,3.866364635188475,0.2667370140552521,1605,57563,47260,462
60,0.6162364614304009,0.04979544278189628,0.08620926715248178,0.2619534134864807,0.05666003976143141,0.18017241379310345,0.1320754716981132,0.004022988505747126,4.024962047278248,0.2667370140552521,627,10439,92133,2853
