Endpoint,auc,aupr,best_f1,best_f1_threshold,precision_at_best_f1_threshold,recall_at_best_f1_threshold,precision_at_1000_per_million,recall_at_1000_per_million,rr_at_1000_per_million,threshold_at_1000_per_million,cm_tp,cm_fp,cm_tn,cm_fn
3,0.5196242454933855,0.0020040590635686277,0.004976662236097802,0.021217430010437965,0.0024968595400195405,0.7285067873303167,0.0,0.0,0.0,0.05262179672718048,161,64320,42349,60
6,0.5640510634536067,0.004598111000175753,0.012100527458889234,0.03037845343351364,0.006186221117749696,0.2752941176470588,0.0,0.0,0.0,0.05262179672718048,117,18796,87669,308
12,0.6100686400188806,0.009482239495393941,0.023889798670648298,0.25446033477783203,0.012879102617366016,0.1646746347941567,0.0,0.0,0.0,0.3652452528476715,124,9504,96633,629
36,0.5988147685321263,0.02574349654011033,0.053896879381068595,0.23022571206092834,0.03018494823775736,0.2513317191283293,0.009345794392523364,0.00048426150121065375,0.4837636622841755,0.3652452528476715,519,16675,88150,1546
60,0.6010868442210773,0.04332102861721843,0.08514152714167729,0.18593460321426392,0.046632124352331605,0.48879310344827587,0.05660377358490566,0.0017241379310344827,1.7250325309043593,0.3652900755405426,1701,34776,67799,1779
