Endpoint,auc,aupr,best_f1,best_f1_threshold,precision_at_best_f1_threshold,recall_at_best_f1_threshold,precision_at_1000_per_million,recall_at_1000_per_million,rr_at_1000_per_million,threshold_at_1000_per_million,cm_tp,cm_fp,cm_tn,cm_fn
3,0.8272914029423425,0.047478163896453644,0.1046855213170114,0.2934360206127167,0.06510895248096614,0.26695371367061355,0.11794871794871795,0.024757804090419805,24.80224117468466,0.525236189365387,248,3561,190860,681
6,0.8109421873023096,0.07987191390158466,0.17715750498433497,0.2673129737377167,0.12316831683168317,0.3154158215010142,0.18461538461538463,0.018255578093306288,18.288344515525043,0.525236189365387,622,4428,188950,1350
12,0.8175607317886631,0.1388352452454274,0.26198591229266077,0.2645314335823059,0.22092354857252347,0.32179737650013956,0.3128205128205128,0.017024839519955346,17.05539692422193,0.525236189365387,1153,4066,187701,2430
36,0.8144482068767367,0.3146242992127395,0.40766622135443426,0.1988702416419983,0.4172714841695593,0.3984932194876946,0.6564102564102564,0.012857860371672527,12.880938582596041,0.525236189365387,3967,5540,179855,5988
60,0.8133502321510411,0.4449173339700233,0.4615712913895509,0.1722220778465271,0.5255527658540536,0.41147748890298036,0.9326424870466321,0.011414077362079899,11.423658090228379,0.525236189365387,6489,5858,171534,9281
