Endpoint,auc,aupr,best_f1,best_f1_threshold,precision_at_best_f1_threshold,recall_at_best_f1_threshold,precision_at_1000_per_million,recall_at_1000_per_million,rr_at_1000_per_million,threshold_at_1000_per_million,cm_tp,cm_fp,cm_tn,cm_fn
3,0.6179941406797407,0.002563409439044438,0.011489536315141567,0.07087497413158417,0.006266786034019696,0.06896551724137931,0.0,0.0,0.0,0.11226146668195724,14,2220,104467,189
6,0.6180543418824918,0.005153440401562028,0.014014014014014016,0.06917619705200195,0.008130081300813009,0.050724637681159424,0.0,0.0,0.0,0.11226146668195724,21,2562,103914,393
12,0.6365042331886263,0.010081346169352558,0.025148908007941763,0.06460227817296982,0.015115354017501989,0.07480314960629922,0.0,0.0,0.0,0.11226146668195724,57,3714,102414,705
36,0.6259325203121564,0.026035703876679545,0.05378378378378379,0.2644887864589691,0.02891076163149675,0.38509917755200773,0.0,0.0,0.0,0.4786069989204407,796,26737,78086,1271
60,0.624885643826977,0.05028858116533885,0.09650843468026678,0.49966078996658325,0.07325789160214413,0.1413793103448276,0.0660377358490566,0.002011494252873563,2.012481023639124,0.6404327154159546,492,6224,96348,2988
