Endpoint,auc,aupr,best_f1,best_f1_threshold,precision_at_best_f1_threshold,recall_at_best_f1_threshold,precision_at_1000_per_million,recall_at_1000_per_million,rr_at_1000_per_million,threshold_at_1000_per_million,cm_tp,cm_fp,cm_tn,cm_fn
3,0.5427490150568979,0.0022225553460270145,0.007518796992481202,0.5628764629364014,0.016666666666666666,0.0048543689320388345,0.009345794392523364,0.0048543689320388345,4.849378459304963,0.49061673879623413,1,59,106625,205
6,0.5695079087397971,0.004384793346685099,0.011010398709892677,0.001492528710514307,0.005547565235257859,0.720873786407767,0.009345794392523364,0.0024271844660194173,2.4246892296524813,0.49061673879623413,297,53240,53238,115
12,0.5831845952148673,0.008123846231424071,0.018097045869192637,0.001492528710514307,0.009171227375459962,0.6763085399449036,0.009345794392523364,0.0013774104683195593,1.3759944388661465,0.49061673879623413,491,53046,53118,235
36,0.6048444784550835,0.024439498921152332,0.05077482303424527,0.010648210532963276,0.02642794551103322,0.6448007774538387,0.037383177570093455,0.001943634596695821,1.9416364676711804,0.9846919178962708,1327,48885,55947,731
60,0.6253376401755241,0.046265462326231646,0.09127217966345838,0.5783601403236389,0.05910285762740609,0.20028735632183908,0.009433962264150943,0.00028735632183908046,0.28743764909997827,0.9928868412971497,697,11096,91454,2783
