Endpoint,auc,aupr,best_f1,best_f1_threshold,precision_at_best_f1_threshold,recall_at_best_f1_threshold,precision_at_1000_per_million,recall_at_1000_per_million,rr_at_1000_per_million,threshold_at_1000_per_million,cm_tp,cm_fp,cm_tn,cm_fn
3,0.605267117876837,0.0033554451051522882,0.02328288707799767,0.11871162801980972,0.01524390243902439,0.04926108374384237,0.0,0.0,0.0,0.14162768423557281,10,646,106041,193
6,0.6371320347439889,0.006543113119233586,0.021607969692717836,0.09362727403640747,0.011470281543274244,0.1859903381642512,0.0,0.0,0.0,0.14162768423557281,77,6636,99840,337
12,0.646200709003697,0.01232454875037136,0.034633612832664966,0.09730031341314316,0.02011007620660457,0.12467191601049869,0.0,0.0,0.0,0.14162768423557281,95,4629,101499,667
36,0.6329724660698222,0.03016845427983439,0.06693262411347517,0.09326287358999252,0.04340951559580279,0.14610546686018383,0.04672897196261682,0.0024189646831156266,2.416477896992797,0.14162768423557281,302,6655,98168,1765
60,0.6203739994132521,0.048001490540384245,0.09127648283463283,0.30560776591300964,0.05319503259266308,0.32126436781609197,0.09433962264150944,0.0028735632183908046,2.8749728909130345,0.5013389587402344,1118,19899,82673,2362
