Endpoint,auc,aupr,best_f1,best_f1_threshold,precision_at_best_f1_threshold,recall_at_best_f1_threshold,precision_at_1000_per_million,recall_at_1000_per_million,rr_at_1000_per_million,threshold_at_1000_per_million,cm_tp,cm_fp,cm_tn,cm_fn
3,0.6643479101122292,0.003083062920010198,0.010323791647114031,0.03369536250829697,0.005687693898655636,0.05583756345177665,0.0,0.0,0.0,0.04319018870592117,11,1923,104770,186
6,0.6096465239420915,0.005880082543671535,0.0205761316872428,0.07389439642429352,0.0684931506849315,0.012106537530266344,0.04672897196261682,0.012106537530266344,12.094091557104388,0.07206807285547256,5,68,106409,408
12,0.6335436124389657,0.010671669215703491,0.026624902114330464,0.06520063430070877,0.03130755064456722,0.02316076294277929,0.04672897196261682,0.006811989100817439,6.804986121368,0.07206807285547256,17,526,105630,717
36,0.6350606104096181,0.02922808266205823,0.06162629612526762,0.25210118293762207,0.03369600146903549,0.3601570166830226,0.056074766355140186,0.002944062806673209,2.9410362000495263,0.37770530581474304,734,21049,83803,1304
60,0.6249730588566568,0.05011832978020163,0.0925732995981545,0.3240583837032318,0.053171482304667464,0.35747126436781607,0.1320754716981132,0.004022988505747126,4.025303621774018,0.6427775025367737,1244,22152,80429,2236
