Endpoint,auc,aupr,best_f1,best_f1_threshold,precision_at_best_f1_threshold,recall_at_best_f1_threshold,precision_at_1000_per_million,recall_at_1000_per_million,rr_at_1000_per_million,threshold_at_1000_per_million,cm_tp,cm_fp,cm_tn,cm_fn
3,0.6464109093801383,0.0030239686089342547,0.009928106812735364,0.03260224685072899,0.005145493257629525,0.1407766990291262,0.0,0.0,0.0,0.05859091877937317,29,5607,101077,177
6,0.5987929613481455,0.005245036576322638,0.01991465149359886,0.05072353407740593,0.024475524475524476,0.016786570743405275,0.0,0.0,0.0,0.05859091877937317,7,279,106194,410
12,0.623118378058678,0.011181039370126017,0.03496357960457857,0.2537950873374939,0.02066929133858268,0.11336032388663968,0.018691588785046728,0.002699055330634278,2.696280600855121,0.3287956118583679,84,3980,102169,657
36,0.6222437258857982,0.028959719623329973,0.06319803868155816,0.24669915437698364,0.04383147553372379,0.11322596388482187,0.018691588785046728,0.0009760858955588092,0.9750824427689823,0.3287956118583679,232,5061,99780,1817
60,0.6270851925989045,0.049069533176900375,0.09483933787731257,0.2109445482492447,0.0570926143024619,0.27988505747126435,0.08490566037735849,0.002586206896551724,2.5877927781392325,0.3287956118583679,974,16086,86499,2506
