Endpoint,auc,aupr,best_f1,best_f1_threshold,precision_at_best_f1_threshold,recall_at_best_f1_threshold,precision_at_1000_per_million,recall_at_1000_per_million,rr_at_1000_per_million,threshold_at_1000_per_million,cm_tp,cm_fp,cm_tn,cm_fn
3,0.5433376054561521,0.002347093388161451,0.011892963330029732,0.02920987643301487,0.007444168734491315,0.029556650246305417,0.0,0.0,0.0,0.25401735305786133,6,800,105887,197
6,0.6019095863929238,0.00532502534401707,0.02296211251435132,0.05129457265138626,0.015060240963855422,0.04830917874396135,0.028037383177570093,0.007246376811594203,7.238927265339293,0.3567259609699249,20,1308,105168,394
12,0.6189334015716376,0.010958512448929803,0.025220680958385873,0.07815264910459518,0.013473457289140393,0.1968503937007874,0.06542056074766354,0.009186351706036745,9.17690779306792,0.5158972144126892,150,10983,95145,612
36,0.5892309186752164,0.02638131133713284,0.04957427739188886,0.0022235815413296223,0.02631031304813152,0.4281567489114659,0.08411214953271028,0.0043541364296081275,4.3496602145870344,0.5158972144126892,885,32752,72071,1182
60,0.5887120754201925,0.04273944821991902,0.08178117395556161,0.0021294683683663607,0.044404929490504064,0.5166666666666667,0.08490566037735849,0.002586206896551724,2.5874756018217306,0.9678059220314026,1798,38693,63879,1682
