Endpoint,auc,aupr,best_f1,best_f1_threshold,precision_at_best_f1_threshold,recall_at_best_f1_threshold,precision_at_1000_per_million,recall_at_1000_per_million,rr_at_1000_per_million,threshold_at_1000_per_million,cm_tp,cm_fp,cm_tn,cm_fn
3,0.5477397269815619,0.002159460510982209,0.023094688221709007,0.3995424509048462,0.020161290322580645,0.02702702702702703,0.009345794392523364,0.005405405405405406,5.399848446577418,0.470802366733551,5,243,106462,180
6,0.5407557517137759,0.004236027677804276,0.01788908765652952,0.2339484691619873,0.011746280344557557,0.0375,0.009345794392523364,0.0025,2.4974299065420555,0.470802366733551,15,1262,105228,385
12,0.5645991643966112,0.008751535229730056,0.02976190476190476,0.2339484691619873,0.023492560689115115,0.04059539918809202,0.056074766355140186,0.008119079837618403,8.110733120028328,0.470802366733551,30,1247,104904,709
36,0.6004344679449195,0.024456259949000907,0.055150533279330366,0.25899311900138855,0.02962291515591008,0.39892578125,0.0,0.0,0.0,0.6745630502700806,817,26763,78079,1231
60,0.6133788261427874,0.043582317992571014,0.09223670066332819,0.22176547348499298,0.050748680072704194,0.5054597701149425,0.0,0.0,0.0,0.6741576194763184,1759,32902,69696,1721
