Endpoint,auc,aupr,best_f1,best_f1_threshold,precision_at_best_f1_threshold,recall_at_best_f1_threshold,precision_at_1000_per_million,recall_at_1000_per_million,rr_at_1000_per_million,threshold_at_1000_per_million,cm_tp,cm_fp,cm_tn,cm_fn
3,0.5486522866184546,0.002228445010955646,0.008825526137135099,0.07254606485366821,0.004570223237827386,0.12807881773399016,0.0,0.0,0.0,0.3443909287452698,26,5663,101024,177
6,0.5861601026690282,0.005197452736314687,0.015087223008015085,0.2005695253610611,0.009373169302870533,0.03864734299516908,0.0,0.0,0.0,0.3443909287452698,16,1691,104785,398
12,0.6118422455150478,0.010000113219878376,0.026066350710900472,0.19915391504764557,0.01864406779661017,0.04330708661417323,0.0,0.0,0.0,0.3443909287452698,33,1737,104391,729
36,0.602315110022982,0.02583781421131541,0.05212042732275817,0.10934243351221085,0.027929084411754502,0.38945331398161587,0.09345794392523364,0.004837929366231253,4.832955793985594,0.3443909287452698,805,28018,76805,1262
60,0.6199891351900386,0.04636648023261489,0.08677432173693148,0.5079666376113892,0.04962604851039213,0.34511494252873565,0.0,0.0,0.0,0.7506833672523499,1201,23000,79572,2279
