Endpoint,auc,aupr,best_f1,best_f1_threshold,precision_at_best_f1_threshold,recall_at_best_f1_threshold,precision_at_1000_per_million,recall_at_1000_per_million,rr_at_1000_per_million,threshold_at_1000_per_million,cm_tp,cm_fp,cm_tn,cm_fn
3,0.7060356768426077,0.004171954047497158,0.015625,0.2555960714817047,0.013157894736842105,0.019230769230769232,0.0,0.0,0.0,0.2963157892227173,4,300,106382,204
6,0.634027061140877,0.007207714700432167,0.03683640303358613,0.23661036789417267,0.03373015873015873,0.0405727923627685,0.0,0.0,0.0,0.2963157892227173,17,487,105984,402
12,0.6399525013701552,0.012000231819082736,0.03558718861209965,0.2276178002357483,0.03828483920367534,0.03324468085106383,0.028037383177570093,0.003989361702127659,3.9852604891628554,0.2963157892227173,25,628,105510,727
36,0.6319412707376788,0.03070967204138101,0.06381602587136184,0.12245253473520279,0.03446001008964259,0.43085880640465796,0.028037383177570093,0.001455604075691412,1.4541076602864955,0.2963157892227173,888,24881,79948,1173
60,0.6027954502545969,0.04755600296919081,0.0953232052427763,0.12131991237401962,0.05386600830434295,0.41379310344827586,0.05660377358490566,0.0017241379310344827,1.725195185426155,0.2963157892227173,1440,25293,77292,2040
