Endpoint,auc,aupr,best_f1,best_f1_threshold,precision_at_best_f1_threshold,recall_at_best_f1_threshold,precision_at_1000_per_million,recall_at_1000_per_million,rr_at_1000_per_million,threshold_at_1000_per_million,cm_tp,cm_fp,cm_tn,cm_fn
3,0.6477806062897187,0.048522623875553915,0.08620689655172413,0.5143511295318604,1.0,0.04504504504504504,0.09345794392523364,0.04504504504504504,44.99873705481182,0.10696186870336533,10,0,106668,212
6,0.6189784649390581,0.02843886237732465,0.043859649122807015,0.5534086227416992,1.0,0.02242152466367713,0.09345794392523364,0.02242152466367713,22.39847449813503,0.1136106550693512,10,0,106444,436
12,0.5906088570780953,0.01378318387604285,0.02594033722438392,0.590863823890686,0.7142857142857143,0.013210039630118891,0.09345794392523364,0.013210039630118891,13.19645921554587,0.29631507396698,10,4,106129,747
36,0.627293904765146,0.030209307010634408,0.06285449704826948,0.288251131772995,0.035697850239957925,0.262699564586357,0.09345794392523364,0.004837929366231253,4.832955793985594,0.5496568083763123,543,14668,90155,1524
60,0.6281765850909344,0.04738689183585379,0.0923268439434282,0.38598552346229553,0.05247847792759149,0.38362068965517243,0.0,0.0,0.0,0.7432040572166443,1335,24104,78462,2145
