Endpoint,auc,aupr,best_f1,best_f1_threshold,precision_at_best_f1_threshold,recall_at_best_f1_threshold,precision_at_1000_per_million,recall_at_1000_per_million,rr_at_1000_per_million,threshold_at_1000_per_million,cm_tp,cm_fp,cm_tn,cm_fn
3,0.5614059745969299,0.002435278940449116,0.01836266258607498,0.051444798707962036,0.010869565217391304,0.059113300492610835,0.0,0.0,0.0,0.07468876987695694,12,1092,105595,191
6,0.6313162835633913,0.006192471513277795,0.019065478981090792,0.12971292436122894,0.010192147034252298,0.1473429951690821,0.028037383177570093,0.007246376811594203,7.238927265339293,0.17256779968738556,61,5924,100552,353
12,0.6395736646739262,0.012480438492480175,0.03849518810148731,0.162254199385643,0.05774278215223097,0.028871391076115485,0.028037383177570093,0.003937007874015748,3.932960482743395,0.17256779968738556,22,359,105769,740
36,0.6292153435915454,0.03098186585137208,0.062152914119032926,0.11457477509975433,0.03515228426395939,0.2680212868892114,0.08411214953271028,0.0043541364296081275,4.3496602145870344,0.17256779968738556,554,15206,89617,1513
60,0.627544463020313,0.05145342807426653,0.09371687561679887,0.411413311958313,0.0536873403408853,0.3683908045977011,0.09433962264150944,0.0028735632183908046,2.8749728909130345,0.5725670456886292,1282,22597,79975,2198
