Endpoint,auc,aupr,best_f1,best_f1_threshold,precision_at_best_f1_threshold,recall_at_best_f1_threshold,precision_at_1000_per_million,recall_at_1000_per_million,rr_at_1000_per_million,threshold_at_1000_per_million,cm_tp,cm_fp,cm_tn,cm_fn
3,0.5721508687579303,0.002628688785435256,0.009347203377054124,0.03452536091208458,0.004749502068331546,0.29245283018867924,0.0,0.0,0.0,0.052855316549539566,62,12992,93686,150
6,0.587654826517725,0.004806652862019219,0.012268386770378803,0.034050602465867996,0.00630074699577785,0.23205741626794257,0.0,0.0,0.0,0.052855316549539566,97,15298,91174,321
12,0.6100222188957669,0.00961563218668108,0.024291497975708502,0.3246256411075592,0.030120481927710843,0.0203527815468114,0.037383177570093455,0.005427408412483039,5.421828833741234,0.3432317078113556,15,483,105670,722
36,0.614252675193677,0.028355905306304992,0.053550272490324624,0.2680782377719879,0.03193593970796044,0.1656891495601173,0.07476635514018691,0.0039100684261974585,3.906048729684545,0.3432317078113556,339,10276,94568,1707
60,0.6246409481652101,0.04853889566165384,0.0865980553818161,0.22446197271347046,0.04805325929197955,0.43764367816091954,0.09433962264150944,0.0028735632183908046,2.8751626545217963,0.3432569205760956,1523,30171,72408,1957
