Endpoint,auc,aupr,best_f1,best_f1_threshold,precision_at_best_f1_threshold,recall_at_best_f1_threshold,precision_at_1000_per_million,recall_at_1000_per_million,rr_at_1000_per_million,threshold_at_1000_per_million,cm_tp,cm_fp,cm_tn,cm_fn
3,0.6637745348495263,0.003035352945519143,0.011881188118811881,0.03717842698097229,0.006582556226001097,0.06091370558375635,0.0,0.0,0.0,0.04662266746163368,12,1811,104882,185
6,0.6068862852328304,0.006129662032309751,0.02207505518763797,0.08333481848239899,0.125,0.012106537530266344,0.04672897196261682,0.012106537530266344,12.094091557104388,0.07921053469181061,5,35,106442,408
12,0.62710011090562,0.010515841512718579,0.025495750708215296,0.07050057500600815,0.02654867256637168,0.02452316076294278,0.04672897196261682,0.006811989100817439,6.804986121368,0.07921053469181061,18,660,105496,716
36,0.6335632968636535,0.028948019476921095,0.06223326670628276,0.2782086133956909,0.03496630850482608,0.2826300294406281,0.037383177570093455,0.001962708537782139,1.9606908000330174,0.4111981987953186,576,15897,88955,1462
60,0.6236688638089978,0.051987183177917874,0.0955342375124049,0.3810695707798004,0.06205414697034809,0.2074712643678161,0.18867924528301888,0.005747126436781609,5.750433745391455,0.6378735899925232,722,10913,91668,2758
