Endpoint,auc,aupr,best_f1,best_f1_threshold,precision_at_best_f1_threshold,recall_at_best_f1_threshold,precision_at_1000_per_million,recall_at_1000_per_million,rr_at_1000_per_million,threshold_at_1000_per_million,cm_tp,cm_fp,cm_tn,cm_fn
3,0.6073497649035607,0.004480075946581242,0.03233256351039261,0.0858609601855278,0.028925619834710745,0.03664921465968586,0.028037383177570093,0.015706806282722512,15.690659098693546,0.10881201177835464,7,235,106464,184
6,0.5494545754488909,0.005050044916596501,0.02244389027431421,0.08170673251152039,0.01341948310139165,0.06852791878172589,0.028037383177570093,0.007614213197969543,7.606385502158546,0.12818889319896698,27,1985,104511,367
12,0.5763610474444508,0.00961615891081269,0.039364118092354274,0.09751055389642715,0.04391891891891892,0.03566529492455418,0.028037383177570093,0.00411522633744856,4.110995730933426,0.12818889319896698,26,566,105595,703
36,0.6263469336094113,0.02888241747632113,0.06166182773399696,0.3544343113899231,0.042983808789514265,0.10904645476772616,0.06542056074766354,0.0034229828850855745,3.4194639307177295,0.4975026547908783,223,4965,99880,1822
60,0.6307633395781876,0.05326425409618951,0.09832956451965862,0.4388565719127655,0.06589109394857758,0.19367816091954024,0.0660377358490566,0.002011494252873563,2.0122153545868575,0.6661366820335388,674,9555,93003,2806
