Endpoint,auc,aupr,best_f1,best_f1_threshold,precision_at_best_f1_threshold,recall_at_best_f1_threshold,precision_at_1000_per_million,recall_at_1000_per_million,rr_at_1000_per_million,threshold_at_1000_per_million,cm_tp,cm_fp,cm_tn,cm_fn
3,0.6955745962400964,0.003818914636743432,0.02337228714524207,0.054358258843421936,0.014329580348004094,0.06334841628959276,0.0,0.0,0.0,0.07956324517726898,14,963,105706,207
6,0.6645856167828584,0.006115635385377903,0.015685383041600363,0.05734767019748688,0.008034934497816594,0.32779097387173395,0.0,0.0,0.0,0.14999601244926453,138,17037,89432,283
12,0.6225624856583524,0.013564021966249496,0.02642007926023778,0.1853991448879242,0.625,0.01349527665317139,0.09345794392523364,0.01349527665317139,13.481403004275606,0.15049372613430023,10,6,106143,731
36,0.6271145388689482,0.028895197308565698,0.059925921830946985,0.3332637846469879,0.03383270911360799,0.2619623006283229,0.0,0.0,0.0,0.5313940644264221,542,15478,89343,1527
60,0.6231117977287606,0.048575445827911026,0.09147962982661419,0.4225570559501648,0.05612844276204151,0.2471264367816092,0.10377358490566038,0.003160919540229885,3.1625298199956626,0.6775152087211609,860,14462,88112,2620
