Endpoint,auc,aupr,best_f1,best_f1_threshold,precision_at_best_f1_threshold,recall_at_best_f1_threshold,precision_at_1000_per_million,recall_at_1000_per_million,rr_at_1000_per_million,threshold_at_1000_per_million,cm_tp,cm_fp,cm_tn,cm_fn
3,0.6871568442943555,0.0034682153267741145,0.016293279022403257,0.1335073858499527,0.010309278350515464,0.038834951456310676,0.0,0.0,0.0,0.16932454705238342,8,768,105916,198
6,0.6396343863407085,0.0058559422578776344,0.017118997912317326,0.1116693764925003,0.009345794392523364,0.10173697270471464,0.0,0.0,0.0,0.16932454705238342,41,4346,102141,362
12,0.6437338427339416,0.010994134784602013,0.02862656802830492,0.10891813039779663,0.016229029905178702,0.12125340599455041,0.0,0.0,0.0,0.16932454705238342,89,5395,100761,645
36,0.6372715947046064,0.029390873286226415,0.062218074350598854,0.10109126567840576,0.03699935251133105,0.19540791402051783,0.028037383177570093,0.0014655593551538837,1.4640527053495198,0.16932454705238342,400,10411,94432,1647
60,0.6107963406962262,0.04665441922043083,0.09375,0.39459341764450073,0.058272778088317496,0.2396551724137931,0.08490566037735849,0.002586206896551724,2.587524398178269,0.9038537740707397,834,13478,89096,2646
