Endpoint,auc,aupr,best_f1,best_f1_threshold,precision_at_best_f1_threshold,recall_at_best_f1_threshold,precision_at_1000_per_million,recall_at_1000_per_million,rr_at_1000_per_million,threshold_at_1000_per_million,cm_tp,cm_fp,cm_tn,cm_fn
3,0.8883874604885122,0.05875263725669177,0.1151969981238274,0.08289402723312378,0.07131242740998839,0.2995121951219512,0.26865671641791045,0.05268292682926829,52.68030578813251,0.19604846835136414,307,3998,195967,718
6,0.8748963839708276,0.09889661039590054,0.18023255813953487,0.07424306869506836,0.11942510001481701,0.36719817767653756,0.3582089552238806,0.03280182232346242,32.800190392003536,0.19604846835136414,806,5943,192852,1389
12,0.8797397850437668,0.17329331603902673,0.2792099627191243,0.12269801646471024,0.2026715799170889,0.4486362477695641,0.39800995024875624,0.02039255671679837,20.39154216173783,0.2565806210041046,1760,6924,190143,2163
36,0.8938777994591341,0.442742281341848,0.5154025368884287,0.40527862310409546,0.49941471571906354,0.5324478516669638,0.6318407960199005,0.011321091103583527,11.320527865220164,0.6057518720626831,5973,5987,183785,5245
60,0.9026419461187316,0.6467414629717938,0.6168900635579888,0.6986887454986572,0.7196446924093378,0.5398127753303965,1.0,0.010958149779735683,10.95512114537445,0.958277702331543,9803,3819,176966,8357
