Endpoint,auc,aupr,best_f1,best_f1_threshold,precision_at_best_f1_threshold,recall_at_best_f1_threshold,precision_at_1000_per_million,recall_at_1000_per_million,rr_at_1000_per_million,threshold_at_1000_per_million,cm_tp,cm_fp,cm_tn,cm_fn
3,0.5383748320509567,0.002295497490087846,0.012,0.27654486894607544,0.01020408163265306,0.014563106796116505,0.0,0.0,0.0,0.34142011404037476,3,291,106393,203
6,0.515253048307349,0.004191146857691445,0.017073170731707315,0.07648356258869171,0.009762900976290097,0.06796116504854369,0.0,0.0,0.0,0.34142011404037476,28,2840,103638,384
12,0.5757444521875453,0.011036836524221915,0.04824902723735409,0.2348577082157135,0.055456171735241505,0.04269972451790634,0.037383177570093455,0.005509641873278237,5.503977755464586,0.34142011404037476,31,528,105636,695
36,0.5943762043889594,0.025189629580682743,0.04978215841725591,4.3631875996652525e-06,0.026865556583410423,0.33867832847424684,0.037383177570093455,0.001943634596695821,1.9416364676711804,0.34142011404037476,697,25247,79585,1361
60,0.6001599696251338,0.04447499182822401,0.08197443807844866,9.957044966313333e-08,0.044058744993324434,0.5879310344827586,0.09433962264150944,0.0028735632183908046,2.8743764909997833,0.9989858269691467,2046,44392,58158,1434
