Endpoint,auc,aupr,best_f1,best_f1_threshold,precision_at_best_f1_threshold,recall_at_best_f1_threshold,precision_at_1000_per_million,recall_at_1000_per_million,rr_at_1000_per_million,threshold_at_1000_per_million,cm_tp,cm_fp,cm_tn,cm_fn
3,0.5941875824868137,0.003552623289500531,0.02483069977426637,0.04535612091422081,0.016320474777448073,0.05188679245283019,0.0,0.0,0.0,0.051832765340805054,11,663,106015,201
6,0.5591527075014107,0.0054862129454065454,0.023486901535682024,0.04535612091422081,0.01925925925925926,0.03009259259259259,0.0,0.0,0.0,0.051832765340805054,13,662,105796,419
12,0.5408919854747533,0.007620839014111395,0.017922191461460006,0.06581827998161316,0.009207965264261117,0.3342391304347826,0.0,0.0,0.0,0.10679399222135544,246,26470,79684,490
36,0.6205249818457512,0.0300609935141068,0.06163141993957704,0.35636675357818604,0.04479578392621871,0.09874152952565343,0.056074766355140186,0.002904162633107454,2.901177045353792,0.448252409696579,204,4350,100474,1862
60,0.6253762526582063,0.050735696944359636,0.09810613665261325,0.4353960156440735,0.06394486609090116,0.21063218390804597,0.07547169811320754,0.0022988505747126436,2.3002168726957275,0.6777239441871643,733,10730,91853,2747
