Endpoint,auc,aupr,best_f1,best_f1_threshold,precision_at_best_f1_threshold,recall_at_best_f1_threshold,precision_at_1000_per_million,recall_at_1000_per_million,rr_at_1000_per_million,threshold_at_1000_per_million,cm_tp,cm_fp,cm_tn,cm_fn
3,0.5451471435178851,0.0021574889843490874,0.007174887892376681,0.166516974568367,0.0043859649122807015,0.019704433497536946,0.0,0.0,0.0,0.459684818983078,4,908,105779,199
6,0.5307829003401552,0.004357499450461074,0.01682636129936901,0.28892913460731506,0.009314359637774904,0.08695652173913043,0.0,0.0,0.0,0.459684818983078,36,3829,102647,378
12,0.5789470586303351,0.009296219180295396,0.02797602055381102,0.30776095390319824,0.01787668734038672,0.06430446194225722,0.0,0.0,0.0,0.459684818983078,49,2692,103436,713
36,0.5863827327399614,0.02422392737004691,0.04945239535039978,0.07336989045143127,0.02592644779484289,0.5341074020319303,0.0,0.0,0.0,0.459684818983078,1104,41478,63345,963
60,0.6110834382778388,0.043488888817374796,0.0865605359226224,0.2783646881580353,0.04980295353167901,0.33045977011494254,0.0,0.0,0.0,0.9388738870620728,1150,21941,80631,2330
