Endpoint,auc,aupr,best_f1,best_f1_threshold,precision_at_best_f1_threshold,recall_at_best_f1_threshold,precision_at_1000_per_million,recall_at_1000_per_million,rr_at_1000_per_million,threshold_at_1000_per_million,cm_tp,cm_fp,cm_tn,cm_fn
3,0.6049159476805845,0.0022357911669548965,0.006039255158530447,0.035832516849040985,0.0033407572383073497,0.031413612565445025,0.0,0.0,0.0,0.045980412513017654,6,1790,104909,185
6,0.5979090180074922,0.005192473389151829,0.016383568244789783,0.06038855388760567,0.008599974705956748,0.17258883248730963,0.0,0.0,0.0,0.09173958003520966,68,7839,98657,326
12,0.623273920894202,0.011087001047936269,0.03321799307958477,0.07501395046710968,0.0335195530726257,0.03292181069958848,0.06542056074766354,0.009602194787379973,9.592323372177992,0.09173958003520966,24,692,105469,705
36,0.63367262722559,0.032058671899816545,0.06545247581104155,0.33580005168914795,0.040602565611392256,0.1687041564792176,0.06542056074766354,0.0034229828850855745,3.4194639307177295,0.4726015627384186,345,8152,96693,1700
60,0.6394344198393598,0.05404815895881313,0.09703238517423962,0.3936399817466736,0.056601063065651484,0.3396551724137931,0.19811320754716982,0.00603448275862069,6.036646063760573,0.6567923426628113,1182,19701,82857,2298
