Endpoint,auc,aupr,best_f1,best_f1_threshold,precision_at_best_f1_threshold,recall_at_best_f1_threshold,precision_at_1000_per_million,recall_at_1000_per_million,rr_at_1000_per_million,threshold_at_1000_per_million,cm_tp,cm_fp,cm_tn,cm_fn
3,0.7043095885275096,0.0046113239374108925,0.02384500745156483,0.23619544506072998,0.016985138004246284,0.04,0.0,0.0,0.0,0.284874826669693,8,463,106227,192
6,0.6420854540332426,0.007600010954947917,0.04012539184952978,0.20696991682052612,0.026778242677824266,0.08,0.0,0.0,0.0,0.284874826669693,32,1163,105327,368
12,0.6377405370996149,0.011931581661348245,0.046583850931677016,0.20696991682052612,0.03765690376569038,0.06105834464043419,0.018691588785046728,0.0027137042062415195,2.710914416870617,0.284874826669693,45,1150,105003,692
36,0.6327705388181736,0.03050499553629307,0.06568489005446844,0.13302043080329895,0.03580855182122119,0.3964929371651242,0.037383177570093455,0.001948368241597662,1.9463652462091035,0.284874826669693,814,21918,82919,1239
60,0.6064839552265987,0.04857661506196179,0.09700920245398773,0.13302043080329895,0.05597345132743363,0.3635057471264368,0.0660377358490566,0.002011494252873563,2.012348189112991,0.284874826669693,1265,21335,81230,2215
