Endpoint,auc,aupr,best_f1,best_f1_threshold,precision_at_best_f1_threshold,recall_at_best_f1_threshold,precision_at_1000_per_million,recall_at_1000_per_million,rr_at_1000_per_million,threshold_at_1000_per_million,cm_tp,cm_fp,cm_tn,cm_fn
3,0.49920507455423735,0.001699607093382563,0.005434782608695652,0.03816259652376175,0.003303964757709251,0.015306122448979591,0.0,0.0,0.0,0.040116433054208755,3,905,105789,193
6,0.5684837660436728,0.004287836691284404,0.011255172413793103,0.03138794004917145,0.0057562076749435665,0.2518518518518518,0.0,0.0,0.0,0.040116433054208755,102,17618,88867,303
12,0.6086393085435728,0.01024123663283592,0.038834951456310676,0.15714925527572632,0.05472636815920398,0.030095759233926128,0.009345794392523364,0.0013679890560875513,1.3665827121981156,0.15792787075042725,22,380,105779,709
36,0.6229296975138852,0.02890147988902589,0.05618885198815187,0.14909294247627258,0.03450176366843034,0.1512808119864669,0.009345794392523364,0.0004833252779120348,0.4828284014581065,0.15792787075042725,313,8759,96062,1756
60,0.6265849215725487,0.048290028393711174,0.09057903556134797,0.2950335741043091,0.05404354587869362,0.2795977011494253,0.09433962264150944,0.0028735632183908046,2.875596399913251,0.34640416502952576,973,17031,85564,2507
