Endpoint,auc,aupr,best_f1,best_f1_threshold,precision_at_best_f1_threshold,recall_at_best_f1_threshold,precision_at_1000_per_million,recall_at_1000_per_million,rr_at_1000_per_million,threshold_at_1000_per_million,cm_tp,cm_fp,cm_tn,cm_fn
3,0.5462466952027216,0.004028361581459083,0.05649717514124294,0.10789743810892105,0.06329113924050633,0.05102040816326531,0.0,0.0,0.0,0.11936028301715851,10,148,106546,186
6,0.5767856250547083,0.005758479909377629,0.035523978685612786,0.10789743810892105,0.06329113924050633,0.024691358024691357,0.0,0.0,0.0,0.11936028301715851,10,148,106337,395
12,0.5904102058717927,0.008969457248865905,0.027341079972658916,0.2338400036096573,0.0273224043715847,0.027359781121751026,0.0,0.0,0.0,0.25016018748283386,20,712,105447,711
36,0.6259991157380501,0.02688490856860025,0.05555907908923702,0.16296716034412384,0.029730188359070084,0.42339294345094247,0.0,0.0,0.0,0.25016018748283386,876,28589,76232,1193
60,0.6207241956291701,0.04329428887813788,0.08512704321087554,0.3837989270687103,0.047966441728980486,0.37787356321839083,0.018867924528301886,0.0005747126436781609,0.5751192799826501,0.5494884252548218,1315,26100,76495,2165
