Endpoint,auc,aupr,best_f1,best_f1_threshold,precision_at_best_f1_threshold,recall_at_best_f1_threshold,precision_at_1000_per_million,recall_at_1000_per_million,rr_at_1000_per_million,threshold_at_1000_per_million,cm_tp,cm_fp,cm_tn,cm_fn
3,0.5465487621102031,0.002161184973337229,0.014409221902017292,0.124334916472435,0.010183299389002037,0.024630541871921183,0.0,0.0,0.0,0.19734735786914825,5,486,106201,198
6,0.5124581224573168,0.004129112853461149,0.016988416988416986,0.10139208287000656,0.012658227848101266,0.025821596244131457,0.0,0.0,0.0,0.19734735786914825,11,858,105606,415
12,0.5747831916505817,0.008095481674331849,0.017965284296942587,0.04327491298317909,0.00910889610632023,0.648074369189907,0.0,0.0,0.0,0.28512200713157654,488,53086,53051,265
36,0.6057671715307551,0.02508359966694282,0.0509478672985782,0.24984785914421082,0.02684005201560468,0.5004849660523764,0.0,0.0,0.0,0.6363551616668701,1032,37418,67410,1030
60,0.6190270485735724,0.046031350630841135,0.08810511112146485,0.24687115848064423,0.04793895452010343,0.5433908045977012,0.0,0.0,0.0,0.6393868923187256,1891,37555,65021,1589
